sid,stimfile,eye_used,trialid,n_fix_trial,sum_fix_dur_trial,dwell_time_trial,mean_fix_dur_trial,n_sacc_trial,sum_sacc_dur_trial,mean_sacc_dur_trial,mean_sacc_ampl_trial,ratio_progress_regress_trial,n_between_line_regress_trial,n_within_line_regress_trial,n_regress_trial,n_progress_trial,n_transit_trial,aoi,aoi_kind,content,dwell_time_aoi,n_fix_aoi,sum_fix_dur_aoi,mean_fix_dur_aoi,skipped_aoi,n_fix_first_visit_aoi,first_fix_dur_aoi,first_fix_land_pos_aoi,dwell_time_first_visit_aoi,sum_fix_dur_first_visit_aoi,sum_fix_dur_after_first_visit_aoi,dwell_time_rereading_aoi,n_revisits_aoi,task
1421,s7_stimuli_t1.jpg,b,12,176,88628.27300000022,97735.37800000003,503.5697329545467,175,9811.063999999606,56.0632228571406,128.672512424197,3.9615384615384617,0,26,26,103,129,line_001,line,,4463.694000000018,11,8111.5759999998845,737.4159999999895,0,11,168.12300000002142,0.21467213114754102,4463.694000000018,4055.7879999999423,0.0,0.0,0,T1_Syllables
1421,s7_stimuli_t1.jpg,b,12,176,88628.27300000022,97735.37800000003,503.5697329545467,175,9811.063999999606,56.0632228571406,128.672512424197,3.9615384615384617,0,26,26,103,129,line_001-part_001,subline,ma,288.01800000004005,1,584.0360000000801,584.0360000000801,0,1,292.01800000004005,0.8094886363636365,288.01800000004005,292.01800000004005,0.0,0.0,0,T1_Syllables
1421,s7_stimuli_t1.jpg,b,12,176,88628.27300000022,97735.37800000003,503.5697329545467,175,9811.063999999606,56.0632228571406,128.672512424197,3.9615384615384617,0,26,26,103,129,line_001-part_002,subline,si,624.1510000000126,3,1160.3000000000466,386.76666666668217,0,2,168.12300000002142,1.2126136363636368,324.13200000004144,276.13200000004144,304.01799999998184,300.01899999997113,1,T1_Syllables
1421,s7_stimuli_t1.jpg,b,12,176,88628.27300000022,97735.37800000003,503.5697329545467,175,9811.063999999606,56.0632228571406,128.672512424197,3.9615384615384617,0,26,26,103,129,line_001-part_003,subline,mu,351.84799999999814,1,711.6939999999013,711.6939999999013,0,1,355.84699999995064,0.6039772727272724,351.84799999999814,355.84699999995064,0.0,0.0,0,T1_Syllables
1421,s7_stimuli_t1.jpg,b,12,176,88628.27300000022,97735.37800000003,503.5697329545467,175,9811.063999999606,56.0632228571406,128.672512424197,3.9615384615384617,0,26,26,103,129,line_001-part_004,subline,zu,448.045999999973,1,904.091999999946,904.091999999946,0,1,452.045999999973,0.6134090909090911,448.045999999973,452.045999999973,0.0,0.0,0,T1_Syllables
1421,s7_stimuli_t1.jpg,b,12,176,88628.27300000022,97735.37800000003,503.5697329545467,175,9811.063999999606,56.0632228571406,128.672512424197,3.9615384615384617,0,26,26,103,129,line_001-part_005,subline,da,436.0089999999618,1,880.015999999945,880.015999999945,0,1,440.0079999999725,0.5825284090909096,436.0089999999618,440.0079999999725,0.0,0.0,0,T1_Syllables
1421,s7_stimuli_t1.jpg,b,12,176,88628.27300000022,97735.37800000003,503.5697329545467,175,9811.063999999606,56.0632228571406,128.672512424197,3.9615384615384617,0,26,26,103,129,line_001-part_006,subline,jo,351.9679999999935,1,711.9299999999348,711.9299999999348,0,1,355.9649999999674,0.4935227272727267,351.9679999999935,355.9649999999674,0.0,0.0,0,T1_Syllables
1421,s7_stimuli_t1.jpg,b,12,176,88628.27300000022,97735.37800000003,503.5697329545467,175,9811.063999999606,56.0632228571406,128.672512424197,3.9615384615384617,0,26,26,103,129,line_001-part_007,subline,ke,567.8469999999506,1,1143.6919999999227,1143.6919999999227,0,1,571.8459999999614,0.3977272727272727,567.8469999999506,571.8459999999614,0.0,0.0,0,T1_Syllables
1421,s7_stimuli_t1.jpg,b,12,176,88628.27300000022,97735.37800000003,503.5697329545467,175,9811.063999999606,56.0632228571406,128.672512424197,3.9615384615384617,0,26,26,103,129,line_001-part_008,subline,py,700.1200000000536,1,1408.2420000000857,1408.2420000000857,0,1,704.1210000000428,0.1538068181818191,700.1200000000536,704.1210000000428,0.0,0.0,0,T1_Syllables
1421,s7_stimuli_t1.jpg,b,12,176,88628.27300000022,97735.37800000003,503.5697329545467,175,9811.063999999606,56.0632228571406,128.672512424197,3.9615384615384617,0,26,26,103,129,line_001-part_009,subline,za,299.7839999999851,1,607.5740000000224,607.5740000000224,0,1,303.7870000000112,0.3359375,299.7839999999851,303.7870000000112,0.0,0.0,0,T1_Syllables
1421,s7_stimuli_t1.jpg,b,12,176,88628.27300000022,97735.37800000003,503.5697329545467,175,9811.063999999606,56.0632228571406,128.672512424197,3.9615384615384617,0,26,26,103,129,line_002,line,,4611.651000000013,12,8447.434000000125,703.9528333333437,0,12,120.03800000000047,0.14093806921675775,4611.651000000013,4223.717000000062,0.0,0.0,0,T1_Syllables
1421,s7_stimuli_t1.jpg,b,12,176,88628.27300000022,97735.37800000003,503.5697329545467,175,9811.063999999606,56.0632228571406,128.672512424197,3.9615384615384617,0,26,26,103,129,line_002-part_001,subline,vo,343.9860000000335,2,663.9660000001313,331.98300000006566,0,2,115.99900000001071,1.1203977272727277,343.9860000000335,331.98300000006566,0.0,0.0,0,T1_Syllables
1421,s7_stimuli_t1.jpg,b,12,176,88628.27300000022,97735.37800000003,503.5697329545467,175,9811.063999999606,56.0632228571406,128.672512424197,3.9615384615384617,0,26,26,103,129,line_002-part_002,subline,lu,520.039999999979,3,1008.0999999999767,336.0333333333256,0,1,120.03800000000047,0.29261363636363635,116.03700000001118,120.03800000000047,384.0119999999879,404.00299999996787,1,T1_Syllables
1421,s7_stimuli_t1.jpg,b,12,176,88628.27300000022,97735.37800000003,503.5697329545467,175,9811.063999999606,56.0632228571406,128.672512424197,3.9615384615384617,0,26,26,103,129,line_002-part_003,subline,re,587.9500000000116,1,1183.9020000000019,1183.9020000000019,0,1,591.9510000000009,0.6725000000000008,587.9500000000116,591.9510000000009,0.0,0.0,0,T1_Syllables
1421,s7_stimuli_t1.jpg,b,12,176,88628.27300000022,97735.37800000003,503.5697329545467,175,9811.063999999606,56.0632228571406,128.672512424197,3.9615384615384617,0,26,26,103,129,line_002-part_004,subline,vi,343.94999999995343,1,695.8979999999283,695.8979999999283,0,1,347.94899999996414,0.47267045454545487,343.94999999995343,347.94899999996414,0.0,0.0,0,T1_Syllables
1421,s7_stimuli_t1.jpg,b,12,176,88628.27300000022,97735.37800000003,503.5697329545467,175,9811.063999999606,56.0632228571406,128.672512424197,3.9615384615384617,0,26,26,103,129,line_002-part_005,subline,zo,432.06200000003446,1,872.1260000000475,872.1260000000475,0,1,436.06300000002375,0.38806818181818153,432.06200000003446,436.06300000002375,0.0,0.0,0,T1_Syllables
1421,s7_stimuli_t1.jpg,b,12,176,88628.27300000022,97735.37800000003,503.5697329545467,175,9811.063999999606,56.0632228571406,128.672512424197,3.9615384615384617,0,26,26,103,129,line_002-part_006,subline,be,543.838000000047,1,1095.6720000000205,1095.6720000000205,0,1,547.8360000000102,0.3675568181818185,543.838000000047,547.8360000000102,0.0,0.0,0,T1_Syllables
1421,s7_stimuli_t1.jpg,b,12,176,88628.27300000022,97735.37800000003,503.5697329545467,175,9811.063999999606,56.0632228571406,128.672512424197,3.9615384615384617,0,26,26,103,129,line_002-part_007,subline,ru,439.9780000000028,1,887.9560000000056,887.9560000000056,0,1,443.9780000000028,0.33926136363636383,439.9780000000028,443.9780000000028,0.0,0.0,0,T1_Syllables
1421,s7_stimuli_t1.jpg,b,12,176,88628.27300000022,97735.37800000003,503.5697329545467,175,9811.063999999606,56.0632228571406,128.672512424197,3.9615384615384617,0,26,26,103,129,line_002-part_008,subline,pe,551.7640000000247,1,1111.51800000004,1111.51800000004,0,1,555.75900000002,0.251193181818182,551.7640000000247,555.75900000002,0.0,0.0,0,T1_Syllables
1421,s7_stimuli_t1.jpg,b,12,176,88628.27300000022,97735.37800000003,503.5697329545467,175,9811.063999999606,56.0632228571406,128.672512424197,3.9615384615384617,0,26,26,103,129,line_002-part_009,subline,te,460.1489999999758,1,928.295999999973,928.295999999973,0,1,464.1479999999865,0.4001136363636368,460.1489999999758,464.1479999999865,0.0,0.0,0,T1_Syllables
1421,s7_stimuli_t1.jpg,b,12,176,88628.27300000022,97735.37800000003,503.5697329545467,175,9811.063999999606,56.0632228571406,128.672512424197,3.9615384615384617,0,26,26,103,129,line_003,line,,7299.40399999998,15,13190.856000000029,879.3904000000019,0,15,432.0339999999851,0.27749544626593814,7299.40399999998,6595.428000000014,0.0,0.0,0,T1_Syllables
1421,s7_stimuli_t1.jpg,b,12,176,88628.27300000022,97735.37800000003,503.5697329545467,175,9811.063999999606,56.0632228571406,128.672512424197,3.9615384615384617,0,26,26,103,129,line_003-part_001,subline,suk,615.8640000000014,1,1239.7280000000028,1239.7280000000028,0,1,619.8640000000014,0.7564772727272726,615.8640000000014,619.8640000000014,0.0,0.0,0,T1_Syllables
1421,s7_stimuli_t1.jpg,b,12,176,88628.27300000022,97735.37800000003,503.5697329545467,175,9811.063999999606,56.0632228571406,128.672512424197,3.9615384615384617,0,26,26,103,129,line_003-part_002,subline,mák,728.0279999999912,1,1464.0540000000037,1464.0540000000037,0,1,732.0270000000019,0.6513636363636369,728.0279999999912,732.0270000000019,0.0,0.0,0,T1_Syllables
1421,s7_stimuli_t1.jpg,b,12,176,88628.27300000022,97735.37800000003,503.5697329545467,175,9811.063999999606,56.0632228571406,128.672512424197,3.9615384615384617,0,26,26,103,129,line_003-part_003,subline,nos,1127.850999999966,2,2271.701999999932,1135.850999999966,0,1,432.0339999999851,0.5646590909090915,428.0339999999851,432.0339999999851,703.8169999999809,699.8169999999809,1,T1_Syllables
1421,s7_stimuli_t1.jpg,b,12,176,88628.27300000022,97735.37800000003,503.5697329545467,175,9811.063999999606,56.0632228571406,128.672512424197,3.9615384615384617,0,26,26,103,129,line_003-part_004,subline,sen,668.0630000000237,2,1352.124000000069,676.0620000000345,0,1,564.0460000000312,0.5772159090909086,560.0470000000205,564.0460000000312,112.01600000000326,108.01600000000326,1,T1_Syllables
1421,s7_stimuli_t1.jpg,b,12,176,88628.27300000022,97735.37800000003,503.5697329545467,175,9811.063999999606,56.0632228571406,128.672512424197,3.9615384615384617,0,26,26,103,129,line_003-part_005,subline,výr,507.78999999997905,1,1023.5819999999367,1023.5819999999367,0,1,511.79099999996834,0.528124999999999,507.78999999997905,511.79099999996834,0.0,0.0,0,T1_Syllables
1421,s7_stimuli_t1.jpg,b,12,176,88628.27300000022,97735.37800000003,503.5697329545467,175,9811.063999999606,56.0632228571406,128.672512424197,3.9615384615384617,0,26,26,103,129,line_003-part_006,subline,mech,640.0900000000256,1,1288.1780000000726,1288.1780000000726,0,1,644.0890000000363,0.3182386363636363,640.0900000000256,644.0890000000363,0.0,0.0,0,T1_Syllables
1421,s7_stimuli_t1.jpg,b,12,176,88628.27300000022,97735.37800000003,503.5697329545467,175,9811.063999999606,56.0632228571406,128.672512424197,3.9615384615384617,0,26,26,103,129,line_003-part_007,subline,len,443.9459999999963,1,895.890000000014,895.890000000014,0,1,447.945000000007,0.3394034090909098,443.9459999999963,447.945000000007,0.0,0.0,0,T1_Syllables
1421,s7_stimuli_t1.jpg,b,12,176,88628.27300000022,97735.37800000003,503.5697329545467,175,9811.063999999606,56.0632228571406,128.672512424197,3.9615384615384617,0,26,26,103,129,line_003-part_008,subline,gól,739.9769999999553,2,1495.954000000027,747.9770000000135,0,1,375.95000000001164,0.3198295454545452,371.94899999996414,375.95000000001164,372.02700000000186,368.02799999999115,1,T1_Syllables
1421,s7_stimuli_t1.jpg,b,12,176,88628.27300000022,97735.37800000003,503.5697329545467,175,9811.063999999606,56.0632228571406,128.672512424197,3.9615384615384617,0,26,26,103,129,line_003-part_009,subline,cíp,1107.8309999999474,4,2159.643999999971,539.9109999999928,0,1,315.9789999999921,0.3881818181818165,311.9799999999814,315.9789999999921,763.8429999999935,795.850999999966,2,T1_Syllables
1421,s7_stimuli_t1.jpg,b,12,176,88628.27300000022,97735.37800000003,503.5697329545467,175,9811.063999999606,56.0632228571406,128.672512424197,3.9615384615384617,0,26,26,103,129,line_004,line,,6583.324000000022,13,11830.571999999927,910.0439999999944,0,13,155.96799999999348,0.17159836065573766,6583.324000000022,5915.285999999964,0.0,0.0,0,T1_Syllables
1421,s7_stimuli_t1.jpg,b,12,176,88628.27300000022,97735.37800000003,503.5697329545467,175,9811.063999999606,56.0632228571406,128.672512424197,3.9615384615384617,0,26,26,103,129,line_004-part_001,subline,nov,515.8340000000317,1,1039.6560000000754,1039.6560000000754,0,1,519.8280000000377,0.6505397727272727,515.8340000000317,519.8280000000377,0.0,0.0,0,T1_Syllables
1421,s7_stimuli_t1.jpg,b,12,176,88628.27300000022,97735.37800000003,503.5697329545467,175,9811.063999999606,56.0632228571406,128.672512424197,3.9615384615384617,0,26,26,103,129,line_004-part_002,subline,lar,751.9809999999707,4,1191.7840000001015,297.9460000000254,0,1,155.96799999999348,0.6751704545454541,151.96999999997206,155.96799999999348,439.9240000000573,600.0109999999986,1,T1_Syllables
1421,s7_stimuli_t1.jpg,b,12,176,88628.27300000022,97735.37800000003,503.5697329545467,175,9811.063999999606,56.0632228571406,128.672512424197,3.9615384615384617,0,26,26,103,129,line_004-part_003,subline,for,647.9749999999767,1,1303.9319999999134,1303.9319999999134,0,1,651.9659999999567,0.5558522727272723,647.9749999999767,651.9659999999567,0.0,0.0,0,T1_Syllables
1421,s7_stimuli_t1.jpg,b,12,176,88628.27300000022,97735.37800000003,503.5697329545467,175,9811.063999999606,56.0632228571406,128.672512424197,3.9615384615384617,0,26,26,103,129,line_004-part_004,subline,zul,1172.173999999999,2,2040.185999999987,1020.0929999999935,0,2,904.0479999999516,0.4338920454545455,1172.173999999999,1020.0929999999935,0.0,0.0,0,T1_Syllables
1421,s7_stimuli_t1.jpg,b,12,176,88628.27300000022,97735.37800000003,503.5697329545467,175,9811.063999999606,56.0632228571406,128.672512424197,3.9615384615384617,0,26,26,103,129,line_004-part_005,subline,bed,471.829000000027,1,951.6679999999469,951.6679999999469,0,1,475.83399999997346,0.49511363636363565,471.829000000027,475.83399999997346,0.0,0.0,0,T1_Syllables
1421,s7_stimuli_t1.jpg,b,12,176,88628.27300000022,97735.37800000003,503.5697329545467,175,9811.063999999606,56.0632228571406,128.672512424197,3.9615384615384617,0,26,26,103,129,line_004-part_006,subline,lum,835.9230000000098,1,1679.841999999946,1679.841999999946,0,1,839.920999999973,0.36332386363636454,835.9230000000098,839.920999999973,0.0,0.0,0,T1_Syllables
1421,s7_stimuli_t1.jpg,b,12,176,88628.27300000022,97735.37800000003,503.5697329545467,175,9811.063999999606,56.0632228571406,128.672512424197,3.9615384615384617,0,26,26,103,129,line_004-part_007,subline,nev,707.9370000000345,1,1423.8819999999832,1423.8819999999832,0,1,711.9409999999916,0.2269318181818159,707.9370000000345,711.9409999999916,0.0,0.0,0,T1_Syllables
1421,s7_stimuli_t1.jpg,b,12,176,88628.27300000022,97735.37800000003,503.5697329545467,175,9811.063999999606,56.0632228571406,128.672512424197,3.9615384615384617,0,26,26,103,129,line_004-part_008,subline,zek,539.9619999999995,1,1087.923999999999,1087.923999999999,0,1,543.9619999999995,0.2323011363636376,539.9619999999995,543.9619999999995,0.0,0.0,0,T1_Syllables
1421,s7_stimuli_t1.jpg,b,12,176,88628.27300000022,97735.37800000003,503.5697329545467,175,9811.063999999606,56.0632228571406,128.672512424197,3.9615384615384617,0,26,26,103,129,line_004-part_009,subline,vod,551.8500000000349,1,1111.6979999999749,1111.6979999999749,0,1,555.8489999999874,0.4549431818181828,551.8500000000349,555.8489999999874,0.0,0.0,0,T1_Syllables
1421,s7_stimuli_t1.jpg,b,12,176,88628.27300000022,97735.37800000003,503.5697329545467,175,9811.063999999606,56.0632228571406,128.672512424197,3.9615384615384617,0,26,26,103,129,line_005,line,,10615.032000000007,20,18870.530000000494,943.5265000000247,0,20,143.99100000003818,0.1927732240437158,10615.032000000007,9435.265000000247,0.0,0.0,0,T1_Syllables
1421,s7_stimuli_t1.jpg,b,12,176,88628.27300000022,97735.37800000003,503.5697329545467,175,9811.063999999606,56.0632228571406,128.672512424197,3.9615384615384617,0,26,26,103,129,line_005-part_001,subline,vl,879.8740000000107,2,1775.7460000000428,887.8730000000214,0,1,759.869000000006,0.7265625,755.8699999999953,759.869000000006,128.00400000001537,124.00400000001537,1,T1_Syllables
1421,s7_stimuli_t1.jpg,b,12,176,88628.27300000022,97735.37800000003,503.5697329545467,175,9811.063999999606,56.0632228571406,128.672512424197,3.9615384615384617,0,26,26,103,129,line_005-part_002,subline,bz,1571.8110000000452,5,3023.584000000381,604.7168000000762,0,2,143.99100000003818,0.9393749999999996,300.0570000000298,268.05400000006193,1243.7380000001285,1271.7540000000154,2,T1_Syllables
1421,s7_stimuli_t1.jpg,b,12,176,88628.27300000022,97735.37800000003,503.5697329545467,175,9811.063999999606,56.0632228571406,128.672512424197,3.9615384615384617,0,26,26,103,129,line_005-part_003,subline,hr,496.0910000000149,1,1000.1820000000298,1000.1820000000298,0,1,500.0910000000149,0.5767613636363635,496.0910000000149,500.0910000000149,0.0,0.0,0,T1_Syllables
1421,s7_stimuli_t1.jpg,b,12,176,88628.27300000022,97735.37800000003,503.5697329545467,175,9811.063999999606,56.0632228571406,128.672512424197,3.9615384615384617,0,26,26,103,129,line_005-part_004,subline,dr,596.0879999999888,1,1200.1720000000205,1200.1720000000205,0,1,600.0860000000102,0.5097727272727274,596.0879999999888,600.0860000000102,0.0,0.0,0,T1_Syllables
1421,s7_stimuli_t1.jpg,b,12,176,88628.27300000022,97735.37800000003,503.5697329545467,175,9811.063999999606,56.0632228571406,128.672512424197,3.9615384615384617,0,26,26,103,129,line_005-part_005,subline,sl,963.8119999999763,2,1887.6439999999711,943.8219999999856,0,2,807.8269999999902,0.3866193181818186,963.8119999999763,943.8219999999856,0.0,0.0,0,T1_Syllables
1421,s7_stimuli_t1.jpg,b,12,176,88628.27300000022,97735.37800000003,503.5697329545467,175,9811.063999999606,56.0632228571406,128.672512424197,3.9615384615384617,0,26,26,103,129,line_005-part_006,subline,kr,1015.7930000000051,2,2047.5879999999888,1023.7939999999944,0,1,831.8879999999772,0.38715909090909145,827.8869999999879,831.8879999999772,191.90600000001723,187.90600000001723,1,T1_Syllables
1421,s7_stimuli_t1.jpg,b,12,176,88628.27300000022,97735.37800000003,503.5697329545467,175,9811.063999999606,56.0632228571406,128.672512424197,3.9615384615384617,0,26,26,103,129,line_005-part_007,subline,ol,883.9589999999735,2,1783.9160000000848,891.9580000000424,0,1,692.0170000000508,0.43568181818181984,688.0160000000033,692.0170000000508,199.94099999999162,195.9429999999702,1,T1_Syllables
1421,s7_stimuli_t1.jpg,b,12,176,88628.27300000022,97735.37800000003,503.5697329545467,175,9811.063999999606,56.0632228571406,128.672512424197,3.9615384615384617,0,26,26,103,129,line_005-part_008,subline,ml,1679.9120000000112,3,3319.8159999999916,1106.6053333333305,0,1,203.95799999998417,0.07755681818181612,199.96000000002095,203.95799999998417,1455.9500000000116,1479.9519999999902,1,T1_Syllables
1421,s7_stimuli_t1.jpg,b,12,176,88628.27300000022,97735.37800000003,503.5697329545467,175,9811.063999999606,56.0632228571406,128.672512424197,3.9615384615384617,0,26,26,103,129,line_005-part_009,subline,fr,1611.9650000000256,2,2831.8819999999832,1415.9409999999916,0,2,1195.9180000000051,0.34443181818181756,1611.9650000000256,1415.9409999999916,0.0,0.0,0,T1_Syllables
1421,s7_stimuli_t1.jpg,b,12,176,88628.27300000022,97735.37800000003,503.5697329545467,175,9811.063999999606,56.0632228571406,128.672512424197,3.9615384615384617,0,26,26,103,129,line_006,line,,10703.168999999994,21,19454.09199999983,926.3853333333252,0,21,124.0229999999865,0.4670673952641166,10703.168999999994,9727.045999999915,0.0,0.0,0,T1_Syllables
1421,s7_stimuli_t1.jpg,b,12,176,88628.27300000022,97735.37800000003,503.5697329545467,175,9811.063999999606,56.0632228571406,128.672512424197,3.9615384615384617,0,26,26,103,129,line_006-part_001,subline,tra,1283.7519999999786,1,2575.511999999988,2575.511999999988,0,1,1287.755999999994,0.757244318181818,1283.7519999999786,1287.755999999994,0.0,0.0,0,T1_Syllables
1421,s7_stimuli_t1.jpg,b,12,176,88628.27300000022,97735.37800000003,503.5697329545467,175,9811.063999999606,56.0632228571406,128.672512424197,3.9615384615384617,0,26,26,103,129,line_006-part_002,subline,mle,1056.0830000000424,3,2136.1780000000726,712.0593333333576,0,1,136.13199999998324,0.07224431818181837,132.12800000002608,136.13199999998324,931.9570000000531,923.9550000000163,2,T1_Syllables
1421,s7_stimuli_t1.jpg,b,12,176,88628.27300000022,97735.37800000003,503.5697329545467,175,9811.063999999606,56.0632228571406,128.672512424197,3.9615384615384617,0,26,26,103,129,line_006-part_003,subline,tve,1635.9739999999874,5,3007.893999999971,601.5787999999942,0,1,283.81200000003446,0.28380681818181847,279.81200000003446,283.81200000003446,1220.134999999951,1356.161999999953,2,T1_Syllables
1421,s7_stimuli_t1.jpg,b,12,176,88628.27300000022,97735.37800000003,503.5697329545467,175,9811.063999999606,56.0632228571406,128.672512424197,3.9615384615384617,0,26,26,103,129,line_006-part_004,subline,kro,963.6059999999707,2,1943.219999999972,971.609999999986,0,1,279.76900000002934,0.47264204545454513,275.76799999998184,279.76900000002934,691.8409999999567,687.8379999999888,1,T1_Syllables
1421,s7_stimuli_t1.jpg,b,12,176,88628.27300000022,97735.37800000003,503.5697329545467,175,9811.063999999606,56.0632228571406,128.672512424197,3.9615384615384617,0,26,26,103,129,line_006-part_005,subline,dlu,827.9530000000377,2,1671.908000000054,835.954000000027,0,1,124.0229999999865,0.07772727272727309,120.02100000000792,124.0229999999865,711.9310000000405,707.9320000000298,1,T1_Syllables
1421,s7_stimuli_t1.jpg,b,12,176,88628.27300000022,97735.37800000003,503.5697329545467,175,9811.063999999606,56.0632228571406,128.672512424197,3.9615384615384617,0,26,26,103,129,line_006-part_006,subline,sku,931.8819999999832,3,1807.7559999998193,602.5853333332731,0,3,96.03499999997439,0.7540056818181814,931.8819999999832,903.8779999999097,0.0,0.0,0,T1_Syllables
1421,s7_stimuli_t1.jpg,b,12,176,88628.27300000022,97735.37800000003,503.5697329545467,175,9811.063999999606,56.0632228571406,128.672512424197,3.9615384615384617,0,26,26,103,129,line_006-part_007,subline,bru,1220.0029999999679,2,2455.997999999905,1227.9989999999525,0,1,644.0039999999572,0.4581250000000006,640.0069999999832,644.0039999999572,583.9949999999953,579.9959999999846,1,T1_Syllables
1421,s7_stimuli_t1.jpg,b,12,176,88628.27300000022,97735.37800000003,503.5697329545467,175,9811.063999999606,56.0632228571406,128.672512424197,3.9615384615384617,0,26,26,103,129,line_006-part_008,subline,pla,1027.7880000000005,2,2071.5720000000438,1035.7860000000219,0,1,503.88400000002,0.3832954545454548,499.8850000000093,503.88400000002,531.9020000000019,527.9029999999912,1,T1_Syllables
1421,s7_stimuli_t1.jpg,b,12,176,88628.27300000022,97735.37800000003,503.5697329545467,175,9811.063999999606,56.0632228571406,128.672512424197,3.9615384615384617,0,26,26,103,129,line_006-part_009,subline,klu,888.0260000000126,1,1784.0540000000037,1784.0540000000037,0,1,892.0270000000019,0.3411363636363634,888.0260000000126,892.0270000000019,0.0,0.0,0,T1_Syllables
1421,s7_stimuli_t1.jpg,b,12,176,88628.27300000022,97735.37800000003,503.5697329545467,175,9811.063999999606,56.0632228571406,128.672512424197,3.9615384615384617,0,26,26,103,129,line_007,line,,6783.407999999996,11,12983.02800000005,1180.2752727272773,0,11,275.76500000001397,0.40060109289617485,6783.407999999996,6491.514000000025,0.0,0.0,0,T1_Syllables
1421,s7_stimuli_t1.jpg,b,12,176,88628.27300000022,97735.37800000003,503.5697329545467,175,9811.063999999606,56.0632228571406,128.672512424197,3.9615384615384617,0,26,26,103,129,line_007-part_001,subline,vle,652.1429999999818,1,1312.2859999999637,1312.2859999999637,0,1,656.1429999999818,0.8497159090909089,652.1429999999818,656.1429999999818,0.0,0.0,0,T1_Syllables
1421,s7_stimuli_t1.jpg,b,12,176,88628.27300000022,97735.37800000003,503.5697329545467,175,9811.063999999606,56.0632228571406,128.672512424197,3.9615384615384617,0,26,26,103,129,line_007-part_002,subline,tra,496.01500000001397,1,1000.0280000000494,1000.0280000000494,0,1,500.0140000000247,0.770625,496.01500000001397,500.0140000000247,0.0,0.0,0,T1_Syllables
1421,s7_stimuli_t1.jpg,b,12,176,88628.27300000022,97735.37800000003,503.5697329545467,175,9811.063999999606,56.0632228571406,128.672512424197,3.9615384615384617,0,26,26,103,129,line_007-part_003,subline,mru,671.8490000000456,1,1351.6980000000913,1351.6980000000913,0,1,675.8490000000456,0.647102272727272,671.8490000000456,675.8490000000456,0.0,0.0,0,T1_Syllables
1421,s7_stimuli_t1.jpg,b,12,176,88628.27300000022,97735.37800000003,503.5697329545467,175,9811.063999999606,56.0632228571406,128.672512424197,3.9615384615384617,0,26,26,103,129,line_007-part_004,subline,čle,943.8360000000102,2,1903.6500000000233,951.8250000000116,0,1,275.76500000001397,0.6575000000000002,271.7719999999972,275.76500000001397,676.0599999999977,672.064000000013,1,T1_Syllables
1421,s7_stimuli_t1.jpg,b,12,176,88628.27300000022,97735.37800000003,503.5697329545467,175,9811.063999999606,56.0632228571406,128.672512424197,3.9615384615384617,0,26,26,103,129,line_007-part_005,subline,chlu,859.8769999999204,2,1735.7499999998836,867.8749999999418,0,1,675.8179999999702,0.6196590909090905,671.8179999999702,675.8179999999702,192.0569999999716,188.05899999995017,1,T1_Syllables
1421,s7_stimuli_t1.jpg,b,12,176,88628.27300000022,97735.37800000003,503.5697329545467,175,9811.063999999606,56.0632228571406,128.672512424197,3.9615384615384617,0,26,26,103,129,line_007-part_006,subline,pro,776.0570000000298,1,1560.1160000000382,1560.1160000000382,0,1,780.0580000000191,0.5282386363636365,776.0570000000298,780.0580000000191,0.0,0.0,0,T1_Syllables
1421,s7_stimuli_t1.jpg,b,12,176,88628.27300000022,97735.37800000003,503.5697329545467,175,9811.063999999606,56.0632228571406,128.672512424197,3.9615384615384617,0,26,26,103,129,line_007-part_007,subline,zlu,1051.8439999999828,1,2111.6879999999655,2111.6879999999655,0,1,1055.8439999999828,0.43752840909090973,1051.8439999999828,1055.8439999999828,0.0,0.0,0,T1_Syllables
1421,s7_stimuli_t1.jpg,b,12,176,88628.27300000022,97735.37800000003,503.5697329545467,175,9811.063999999606,56.0632228571406,128.672512424197,3.9615384615384617,0,26,26,103,129,line_007-part_008,subline,sla,456.0079999999725,1,920.0119999999879,920.0119999999879,0,1,460.00599999999395,0.43795454545454504,456.0079999999725,460.00599999999395,0.0,0.0,0,T1_Syllables
1421,s7_stimuli_t1.jpg,b,12,176,88628.27300000022,97735.37800000003,503.5697329545467,175,9811.063999999606,56.0632228571406,128.672512424197,3.9615384615384617,0,26,26,103,129,line_007-part_009,subline,fro,539.9010000000126,1,1087.8000000000466,1087.8000000000466,0,1,543.9000000000233,0.3762784090909086,539.9010000000126,543.9000000000233,0.0,0.0,0,T1_Syllables
1421,s7_stimuli_t1.jpg,b,12,176,88628.27300000022,97735.37800000003,503.5697329545467,175,9811.063999999606,56.0632228571406,128.672512424197,3.9615384615384617,0,26,26,103,129,line_008,line,,10422.946000000054,20,18781.99800000002,939.0999000000011,0,20,119.96700000000419,0.14369535519125687,10422.946000000054,9390.99900000001,0.0,0.0,0,T1_Syllables
1421,s7_stimuli_t1.jpg,b,12,176,88628.27300000022,97735.37800000003,503.5697329545467,175,9811.063999999606,56.0632228571406,128.672512424197,3.9615384615384617,0,26,26,103,129,line_008-part_001,subline,pluh,576.0470000000205,1,1160.0960000000196,1160.0960000000196,0,1,580.0480000000098,0.758977272727273,576.0470000000205,580.0480000000098,0.0,0.0,0,T1_Syllables
1421,s7_stimuli_t1.jpg,b,12,176,88628.27300000022,97735.37800000003,503.5697329545467,175,9811.063999999606,56.0632228571406,128.672512424197,3.9615384615384617,0,26,26,103,129,line_008-part_002,subline,hrom,651.7400000000489,2,1319.472000000067,659.7360000000335,0,1,119.96700000000419,0.3270170454545458,115.96800000005169,119.96700000000419,539.7690000000293,535.7719999999972,1,T1_Syllables
1421,s7_stimuli_t1.jpg,b,12,176,88628.27300000022,97735.37800000003,503.5697329545467,175,9811.063999999606,56.0632228571406,128.672512424197,3.9615384615384617,0,26,26,103,129,line_008-part_003,subline,mlýn,788.0009999999893,1,1583.9980000000214,1583.9980000000214,0,1,791.9990000000107,0.6945454545454546,788.0009999999893,791.9990000000107,0.0,0.0,0,T1_Syllables
1421,s7_stimuli_t1.jpg,b,12,176,88628.27300000022,97735.37800000003,503.5697329545467,175,9811.063999999606,56.0632228571406,128.672512424197,3.9615384615384617,0,26,26,103,129,line_008-part_004,subline,dnes,723.6979999999749,3,1439.3979999999283,479.79933333330945,0,2,47.99499999999534,0.7335227272727267,452.00299999996787,444.00599999999395,275.6929999999702,271.695000000007,1,T1_Syllables
1421,s7_stimuli_t1.jpg,b,12,176,88628.27300000022,97735.37800000003,503.5697329545467,175,9811.063999999606,56.0632228571406,128.672512424197,3.9615384615384617,0,26,26,103,129,line_008-part_005,subline,plot,944.0960000000196,2,1904.1899999999441,952.0949999999721,0,1,555.9659999999567,0.5561931818181811,551.9670000000042,555.9659999999567,396.12900000001537,392.12900000001537,1,T1_Syllables
1421,s7_stimuli_t1.jpg,b,12,176,88628.27300000022,97735.37800000003,503.5697329545467,175,9811.063999999606,56.0632228571406,128.672512424197,3.9615384615384617,0,26,26,103,129,line_008-part_006,subline,zvuk,436.0109999999986,1,880.0219999999972,880.0219999999972,0,1,440.0109999999986,0.4409375000000001,436.0109999999986,440.0109999999986,0.0,0.0,0,T1_Syllables
1421,s7_stimuli_t1.jpg,b,12,176,88628.27300000022,97735.37800000003,503.5697329545467,175,9811.063999999606,56.0632228571406,128.672512424197,3.9615384615384617,0,26,26,103,129,line_008-part_007,subline,vnuk,567.7690000000293,1,1143.5359999999637,1143.5359999999637,0,1,571.7679999999818,0.5707386363636353,567.7690000000293,571.7679999999818,0.0,0.0,0,T1_Syllables
1421,s7_stimuli_t1.jpg,b,12,176,88628.27300000022,97735.37800000003,503.5697329545467,175,9811.063999999606,56.0632228571406,128.672512424197,3.9615384615384617,0,26,26,103,129,line_008-part_008,subline,lhář,1432.0230000000447,2,2880.0500000000466,1440.0250000000233,0,1,820.1160000000382,0.4496590909090928,816.1150000000489,820.1160000000382,619.9089999999851,615.9079999999958,1,T1_Syllables
1421,s7_stimuli_t1.jpg,b,12,176,88628.27300000022,97735.37800000003,503.5697329545467,175,9811.063999999606,56.0632228571406,128.672512424197,3.9615384615384617,0,26,26,103,129,line_008-part_009,subline,kmen,3563.649000000092,7,6471.2360000000335,924.4622857142905,0,1,247.9900000000489,0.14110795454545474,243.9900000000489,247.9900000000489,2987.627999999968,3319.6590000000433,1,T1_Syllables
1421,s7_stimuli_t1.jpg,b,12,176,88628.27300000022,97735.37800000003,503.5697329545467,175,9811.063999999606,56.0632228571406,128.672512424197,3.9615384615384617,0,26,26,103,129,line_009,line,,11295.070000000007,19,20854.69200000004,1097.6153684210547,0,19,168.06300000002375,0.16686475409836063,11295.070000000007,10427.34600000002,0.0,0.0,0,T1_Syllables
1421,s7_stimuli_t1.jpg,b,12,176,88628.27300000022,97735.37800000003,503.5697329545467,175,9811.063999999606,56.0632228571406,128.672512424197,3.9615384615384617,0,26,26,103,129,line_009-part_001,subline,vpád,1931.7719999999972,1,3871.542000000016,3871.542000000016,0,1,1935.771000000008,0.5726704545454543,1931.7719999999972,1935.771000000008,0.0,0.0,0,T1_Syllables
1421,s7_stimuli_t1.jpg,b,12,176,88628.27300000022,97735.37800000003,503.5697329545467,175,9811.063999999606,56.0632228571406,128.672512424197,3.9615384615384617,0,26,26,103,129,line_009-part_002,subline,stop,648.0540000000619,3,1248.1260000000475,416.04200000001583,0,1,168.06300000002375,0.6161079545454542,164.06200000003446,168.06300000002375,456.0,483.9920000000275,1,T1_Syllables
1421,s7_stimuli_t1.jpg,b,12,176,88628.27300000022,97735.37800000003,503.5697329545467,175,9811.063999999606,56.0632228571406,128.672512424197,3.9615384615384617,0,26,26,103,129,line_009-part_003,subline,hned,452.03800000000047,1,912.0779999999795,912.0779999999795,0,1,456.03899999998976,0.40937499999999977,452.03800000000047,456.03899999998976,0.0,0.0,0,T1_Syllables
1421,s7_stimuli_t1.jpg,b,12,176,88628.27300000022,97735.37800000003,503.5697329545467,175,9811.063999999606,56.0632228571406,128.672512424197,3.9615384615384617,0,26,26,103,129,line_009-part_004,subline,vkus,812.1790000000037,3,1576.3240000000224,525.4413333333408,0,3,67.97299999999814,0.21840909090909122,812.1790000000037,788.1620000000112,0.0,0.0,0,T1_Syllables
1421,s7_stimuli_t1.jpg,b,12,176,88628.27300000022,97735.37800000003,503.5697329545467,175,9811.063999999606,56.0632228571406,128.672512424197,3.9615384615384617,0,26,26,103,129,line_009-part_005,subline,chlup,1347.8619999999646,2,2663.7119999999413,1331.8559999999707,0,2,1131.8289999999688,0.4968181818181821,1347.8619999999646,1331.8559999999707,0.0,0.0,0,T1_Syllables
1421,s7_stimuli_t1.jpg,b,12,176,88628.27300000022,97735.37800000003,503.5697329545467,175,9811.063999999606,56.0632228571406,128.672512424197,3.9615384615384617,0,26,26,103,129,line_009-part_006,subline,zrak,2083.9130000000005,2,4183.821999999927,2091.9109999999637,0,1,475.9670000000042,0.6107386363636365,471.9670000000042,475.9670000000042,1615.9439999999595,1611.9459999999963,1,T1_Syllables
1421,s7_stimuli_t1.jpg,b,12,176,88628.27300000022,97735.37800000003,503.5697329545467,175,9811.063999999606,56.0632228571406,128.672512424197,3.9615384615384617,0,26,26,103,129,line_009-part_007,subline,plat,1615.829000000027,4,2815.6260000000475,703.9065000000119,0,1,315.7949999999837,0.3782386363636347,311.7919999999576,315.7949999999837,1092.01800000004,1304.0370000000694,2,T1_Syllables
1421,s7_stimuli_t1.jpg,b,12,176,88628.27300000022,97735.37800000003,503.5697329545467,175,9811.063999999606,56.0632228571406,128.672512424197,3.9615384615384617,0,26,26,103,129,line_009-part_008,subline,vrak,811.8770000000368,2,1639.7460000000428,819.8730000000214,0,1,199.8740000000107,0.22477272727272954,195.87900000001537,199.8740000000107,619.9990000000107,615.9980000000214,1,T1_Syllables
1421,s7_stimuli_t1.jpg,b,12,176,88628.27300000022,97735.37800000003,503.5697329545467,175,9811.063999999606,56.0632228571406,128.672512424197,3.9615384615384617,0,26,26,103,129,line_009-part_009,subline,zvon,967.8570000000182,1,1943.716000000015,1943.716000000015,0,1,971.8580000000075,0.43085227272727233,967.8570000000182,971.8580000000075,0.0,0.0,0,T1_Syllables
1421,s7_stimuli_t1.jpg,b,12,176,88628.27300000022,97735.37800000003,503.5697329545467,175,9811.063999999606,56.0632228571406,128.672512424197,3.9615384615384617,0,26,26,103,129,line_010,line,,22050.021999999997,30,41596.52600000007,1386.550866666669,0,26,143.98600000003353,0.13015710382513662,19010.419000000053,17818.658000000112,2979.604999999923,3039.6029999999446,2,T1_Syllables
1421,s7_stimuli_t1.jpg,b,12,176,88628.27300000022,97735.37800000003,503.5697329545467,175,9811.063999999606,56.0632228571406,128.672512424197,3.9615384615384617,0,26,26,103,129,line_010-part_001,subline,tvrz,1987.6730000000098,2,3559.5559999999823,1779.7779999999912,0,2,1611.9729999999981,0.7636931818181822,1987.6730000000098,1779.7779999999912,0.0,0.0,0,T1_Syllables
1421,s7_stimuli_t1.jpg,b,12,176,88628.27300000022,97735.37800000003,503.5697329545467,175,9811.063999999606,56.0632228571406,128.672512424197,3.9615384615384617,0,26,26,103,129,line_010-part_002,subline,skrz,3119.801000000036,6,6119.58600000001,1019.9310000000017,0,1,143.98600000003353,0.15809659090909117,139.98700000002282,143.98600000003353,2915.8069999999716,2979.814000000013,1,T1_Syllables
1421,s7_stimuli_t1.jpg,b,12,176,88628.27300000022,97735.37800000003,503.5697329545467,175,9811.063999999606,56.0632228571406,128.672512424197,3.9615384615384617,0,26,26,103,129,line_010-part_003,subline,smrt,1835.8919999999925,1,3679.7880000000587,3679.7880000000587,0,1,1839.8940000000293,0.8194602272727267,1835.8919999999925,1839.8940000000293,0.0,0.0,0,T1_Syllables
1421,s7_stimuli_t1.jpg,b,12,176,88628.27300000022,97735.37800000003,503.5697329545467,175,9811.063999999606,56.0632228571406,128.672512424197,3.9615384615384617,0,26,26,103,129,line_010-part_004,subline,brnk,1151.8710000000428,2,2255.6860000001034,1127.8430000000517,0,2,967.7870000000112,0.555426136363637,1151.8710000000428,1127.8430000000517,0.0,0.0,0,T1_Syllables
1421,s7_stimuli_t1.jpg,b,12,176,88628.27300000022,97735.37800000003,503.5697329545467,175,9811.063999999606,56.0632228571406,128.672512424197,3.9615384615384617,0,26,26,103,129,line_010-part_005,subline,smrk,2599.9229999999516,4,5135.863999999943,1283.9659999999858,0,1,1207.9729999999981,0.5695454545454546,1203.9739999999874,1207.9729999999981,1359.9589999999735,1395.9489999999641,1,T1_Syllables
1421,s7_stimuli_t1.jpg,b,12,176,88628.27300000022,97735.37800000003,503.5697329545467,175,9811.063999999606,56.0632228571406,128.672512424197,3.9615384615384617,0,26,26,103,129,line_010-part_006,subline,blesk,987.8910000000615,2,1991.7800000001444,995.8900000000722,0,1,263.90300000004936,0.23883522727272644,259.90300000004936,263.90300000004936,731.9870000000228,727.9880000000121,1,T1_Syllables
1421,s7_stimuli_t1.jpg,b,12,176,88628.27300000022,97735.37800000003,503.5697329545467,175,9811.063999999606,56.0632228571406,128.672512424197,3.9615384615384617,0,26,26,103,129,line_010-part_007,subline,štěrk,1795.6440000000293,2,3543.274000000092,1771.637000000046,0,2,1391.8220000000438,0.5430113636363646,1795.6440000000293,1771.637000000046,0.0,0.0,0,T1_Syllables
1421,s7_stimuli_t1.jpg,b,12,176,88628.27300000022,97735.37800000003,503.5697329545467,175,9811.063999999606,56.0632228571406,128.672512424197,3.9615384615384617,0,26,26,103,129,line_010-part_008,subline,kvést,2731.8439999999828,3,5463.691999999806,1821.230666666602,0,1,536.0699999999488,0.5224715909090905,532.0709999999963,536.0699999999488,2195.7759999999544,2199.7729999999865,1,T1_Syllables
1421,s7_stimuli_t1.jpg,b,12,176,88628.27300000022,97735.37800000003,503.5697329545467,175,9811.063999999606,56.0632228571406,128.672512424197,3.9615384615384617,0,26,26,103,129,line_010-part_009,subline,bronz,5007.6570000000065,8,9847.29999999993,1230.9124999999913,0,1,340.0030000000261,0.3708522727272752,336.0030000000261,340.0030000000261,4583.646999999939,4671.65399999998,3,T1_Syllables
