id,task,sid,eye,stimfile,trialid,start_ms,end_ms,duration_ms,fix_x,fix_y,orig_fix_x,orig_fix_y,disp_x,disp_y,aoi_subline,aoi_line
0,T5_Pseudo_Text,1187,b,s7_stimuli_t5.jpg,166,2965138.873,2965302.842,167.96799999987707,123.60749999999999,196.0,123.60749999999999,96.495,0.3864826211377701,0.37597525116609143,,
1,T5_Pseudo_Text,1187,b,s7_stimuli_t5.jpg,166,2965366.836,2965450.837,88.00099999969825,340.11,196.0,340.11,171.34,0.23601169474847422,0.24140008960574577,line_001-part_001,line_001
2,T5_Pseudo_Text,1187,b,s7_stimuli_t5.jpg,166,2965474.837,2966270.686,799.8490000003949,268.49,196.0,268.49,140.2525,1.0216396649386021,1.010054615995469,line_001-part_001,line_001
3,T5_Pseudo_Text,1187,b,s7_stimuli_t5.jpg,166,2966294.685,2966730.703,440.01599999982864,304.1325,196.0,304.1325,120.07499999999999,0.9932158820664954,0.3820371953805216,line_001-part_001,line_001
4,T5_Pseudo_Text,1187,b,s7_stimuli_t5.jpg,166,2966774.685,2967450.646,679.9559999997728,374.3375,196.0,374.3375,116.39500000000001,0.9379848347794678,0.9910605241235881,line_001-part_002,line_001
5,T5_Pseudo_Text,1187,b,s7_stimuli_t5.jpg,166,2967490.603,2967750.545,263.9429999999702,394.29,196.0,394.29,126.6425,0.30484843905011433,0.6980665537594718,line_001-part_002,line_001
6,T5_Pseudo_Text,1187,b,s7_stimuli_t5.jpg,166,2967782.548,2967950.609,172.06199999991804,440.54499999999996,196.0,440.54499999999996,121.75,0.43794179202470906,0.3008071429071593,line_001-part_003,line_001
7,T5_Pseudo_Text,1187,b,s7_stimuli_t5.jpg,166,2967974.613,2968270.629,300.0130000002682,463.68,196.0,463.68,151.275,0.4807795311400152,0.6420272472438519,line_001-part_003,line_001
8,T5_Pseudo_Text,1187,b,s7_stimuli_t5.jpg,166,2968314.602,2968970.392,659.7900000000373,446.725,196.0,446.725,147.47500000000002,0.69415996748795,0.8059691607763255,line_001-part_003,line_001
9,T5_Pseudo_Text,1187,b,s7_stimuli_t5.jpg,166,2969010.395,2969630.454,624.0600000000559,471.765,196.0,471.765,147.715,0.5504245346702437,0.5599889355418997,line_001-part_003,line_001
10,T5_Pseudo_Text,1187,b,s7_stimuli_t5.jpg,166,2969658.465,2970174.401,519.9360000002198,519.8175,196.0,519.8175,153.7025,0.6080803596430457,0.5151305483551178,line_001-part_004,line_001
11,T5_Pseudo_Text,1187,b,s7_stimuli_t5.jpg,166,2970214.402,2970338.345,127.94000000040978,558.7375,196.0,558.7375,152.005,0.2811395016781185,0.14925853754640944,line_001-part_004,line_001
12,T5_Pseudo_Text,1187,b,s7_stimuli_t5.jpg,166,2970378.313,2971130.296,755.9819999998435,601.665,196.0,601.665,156.255,0.6808236902162007,0.7857626800615597,line_001-part_005,line_001
13,T5_Pseudo_Text,1187,b,s7_stimuli_t5.jpg,166,2971162.295,2971318.268,159.97399999992922,637.27,196.0,637.27,159.9375,0.14373543281770773,0.24315131793435882,line_001-part_005,line_001
14,T5_Pseudo_Text,1187,b,s7_stimuli_t5.jpg,166,2971354.275,2971582.301,232.02499999990687,667.4075,196.0,667.4075,173.4325,0.2715751008064618,0.6727410979302968,line_001-part_006,line_001
15,T5_Pseudo_Text,1187,b,s7_stimuli_t5.jpg,166,2971626.293,2972266.156,643.8640000000596,703.685,196.0,703.685,170.91,1.12617452516966,0.912524669078862,line_001-part_007,line_001
16,T5_Pseudo_Text,1187,b,s7_stimuli_t5.jpg,166,2972294.16,2972930.153,639.9929999997839,716.4175,196.0,716.4175,174.3675,1.0076298383096993,1.0875127920687406,line_001-part_007,line_001
17,T5_Pseudo_Text,1187,b,s7_stimuli_t5.jpg,166,2972970.158,2973381.968,415.8120000003837,790.6925,196.0,790.6925,171.495,0.4185435705385323,1.0803731688828575,line_001-part_008,line_001
18,T5_Pseudo_Text,1187,b,s7_stimuli_t5.jpg,166,2973389.971,2975065.974,1680.003000000026,805.5350000000001,196.0,805.5350000000001,180.1575,1.3582796336466132,0.9716623026374122,line_001-part_008,line_001
19,T5_Pseudo_Text,1187,b,s7_stimuli_t5.jpg,166,2975097.97,2975529.895,435.92499999981374,882.905,196.0,882.905,190.51,0.6300380686864239,0.777949507518516,line_001-part_010,line_001
20,T5_Pseudo_Text,1187,b,s7_stimuli_t5.jpg,166,2975553.892,2976569.796,1019.9049999997951,920.865,196.0,920.865,179.575,1.0954606744832152,0.8753447445636907,line_001-part_010,line_001
21,T5_Pseudo_Text,1187,b,s7_stimuli_t5.jpg,166,2976593.798,2977645.681,1055.8769999998622,965.0625,196.0,965.0625,181.035,1.2728735751588702,1.1427438393557696,line_001-part_011,line_001
22,T5_Pseudo_Text,1187,b,s7_stimuli_t5.jpg,166,2977709.581,2977841.523,135.94500000029802,1002.7075,196.0,1002.7075,193.26999999999998,0.1380776182175721,0.16475017276106355,line_001-part_011,line_001
23,T5_Pseudo_Text,1187,b,s7_stimuli_t5.jpg,166,2977897.566,2978369.635,476.06899999966845,1028.6100000000001,196.0,1028.6100000000001,188.385,0.3168376176075469,0.876287713663713,line_001-part_012,line_001
24,T5_Pseudo_Text,1187,b,s7_stimuli_t5.jpg,166,2978405.633,2979709.551,1307.9180000000633,1069.205,196.0,1069.205,177.02499999999998,1.1851774488567801,1.446379889562997,line_001-part_013,line_001
25,T5_Pseudo_Text,1187,b,s7_stimuli_t5.jpg,166,2979737.549,2980077.484,343.9350000000559,1112.5275000000001,196.0,1112.5275000000001,188.74,0.3299044751364267,0.9413525815652622,line_001-part_013,line_001
26,T5_Pseudo_Text,1187,b,s7_stimuli_t5.jpg,166,2980105.482,2980509.524,408.039000000339,1158.92,196.0,1158.92,193.38250000000002,0.30067243303572994,0.6983359735023343,line_001-part_014,line_001
27,T5_Pseudo_Text,1187,b,s7_stimuli_t5.jpg,166,2980537.503,2980949.384,415.8849999997765,1195.4775,196.0,1195.4775,186.0625,0.5114933818264632,0.635291753672263,line_001-part_014,line_001
28,T5_Pseudo_Text,1187,b,s7_stimuli_t5.jpg,166,2980985.394,2981845.428,864.0339999999851,1239.955,196.0,1239.955,186.12,0.9622326116371857,0.948492204751146,line_001-part_015,line_001
29,T5_Pseudo_Text,1187,b,s7_stimuli_t5.jpg,166,2981857.428,2982029.371,175.94100000010803,1251.9025,196.0,1251.9025,184.63250000000002,0.43201455768170705,0.5714392746136003,line_001-part_015,line_001
30,T5_Pseudo_Text,1187,b,s7_stimuli_t5.jpg,166,2982053.356,2983069.191,1019.8339999997988,1167.945,196.0,1167.945,193.395,0.9029602682072022,1.2445845021581945,line_001-part_014,line_001
31,T5_Pseudo_Text,1187,b,s7_stimuli_t5.jpg,166,2983117.189,2984029.138,915.9490000000224,1245.6550000000002,196.0,1245.6550000000002,190.865,0.7043979177167649,0.8948776759212991,line_001-part_015,line_001
32,T5_Pseudo_Text,1187,b,s7_stimuli_t5.jpg,166,2984057.143,2984461.142,407.9989999998361,1281.2875,196.0,1281.2875,176.575,0.6208777974290652,0.8427449556772011,line_001-part_015,line_001
33,T5_Pseudo_Text,1187,b,s7_stimuli_t5.jpg,166,2984477.139,2984693.209,220.0720000001602,1326.65,196.0,1326.65,195.48,0.6770518138161113,0.820248407148094,line_001-part_015,line_001
34,T5_Pseudo_Text,1187,b,s7_stimuli_t5.jpg,166,2984737.232,2985481.006,747.7710000001825,1367.455,196.0,1367.455,189.905,0.8492110295059259,0.64418260518676,line_001-part_016,line_001
35,T5_Pseudo_Text,1187,b,s7_stimuli_t5.jpg,166,2985580.962,2986588.716,1011.75800000038,281.025,290.5,281.025,247.135,1.2731429949017299,0.7647479401182016,line_002-part_001,line_002
36,T5_Pseudo_Text,1187,b,s7_stimuli_t5.jpg,166,2986624.754,2987376.924,756.1699999999255,307.015,290.5,307.015,237.27499999999998,1.0483122194820944,0.7237961392029408,line_002-part_001,line_002
37,T5_Pseudo_Text,1187,b,s7_stimuli_t5.jpg,166,2987416.895,2987868.765,455.8670000000857,340.5,290.5,340.5,255.3,1.161603221356219,1.0832020761829237,line_002-part_001,line_002
38,T5_Pseudo_Text,1187,b,s7_stimuli_t5.jpg,166,2987896.744,2988756.81,864.067000000272,277.885,290.5,277.885,251.76999999999998,1.1847733192424836,0.9897134254092709,line_002-part_001,line_002
39,T5_Pseudo_Text,1187,b,s7_stimuli_t5.jpg,166,2988792.801,2989112.743,323.9429999999702,306.735,290.5,306.735,255.16500000000002,0.5644343612991466,0.6906575108307238,line_002-part_001,line_002
40,T5_Pseudo_Text,1187,b,s7_stimuli_t5.jpg,166,2989200.776,2989348.816,152.04000000003725,341.24,290.5,341.24,250.15749999999997,0.5374923870127926,0.2985170750928196,line_002-part_001,line_002
41,T5_Pseudo_Text,1187,b,s7_stimuli_t5.jpg,166,2989384.802,2990128.695,747.8919999999925,387.91499999999996,290.5,387.91499999999996,244.7,0.4193518297671253,0.6620990180871869,line_002-part_002,line_002
42,T5_Pseudo_Text,1187,b,s7_stimuli_t5.jpg,166,2990152.69,2991288.414,1139.726000000257,413.57,290.5,413.57,246.58999999999997,1.0605708177823858,0.5752111510136912,line_002-part_002,line_002
43,T5_Pseudo_Text,1187,b,s7_stimuli_t5.jpg,166,2991312.423,2991728.486,420.06199999991804,472.03499999999997,290.5,472.03499999999997,257.645,0.6646585056443914,0.9115816999788389,line_002-part_003,line_002
44,T5_Pseudo_Text,1187,b,s7_stimuli_t5.jpg,166,2991760.483,2992052.523,296.04100000020117,528.5749999999999,290.5,528.5749999999999,253.505,0.6603477897585708,0.5750764411422595,line_002-part_004,line_002
45,T5_Pseudo_Text,1187,b,s7_stimuli_t5.jpg,166,2992072.53,2992568.233,499.7060000002384,559.325,290.5,559.325,255.36,0.4791630126828323,0.5331816711269766,line_002-part_004,line_002
46,T5_Pseudo_Text,1187,b,s7_stimuli_t5.jpg,166,2992616.261,2993828.217,1215.9509999998845,626.6075000000001,290.5,626.6075000000001,258.05,1.2581901991728046,0.7981559882332826,line_002-part_005,line_002
47,T5_Pseudo_Text,1187,b,s7_stimuli_t5.jpg,166,2993864.171,2994728.295,868.1219999999739,661.405,290.5,661.405,255.835,1.0848185946401052,1.0757930332541765,line_002-part_005,line_002
48,T5_Pseudo_Text,1187,b,s7_stimuli_t5.jpg,166,2994752.286,2995028.276,279.9860000000335,725.2175,290.5,725.2175,255.1225,0.4306674589673905,0.40345606493817315,line_002-part_006,line_002
49,T5_Pseudo_Text,1187,b,s7_stimuli_t5.jpg,166,2995116.201,2995892.131,779.9310000003316,777.005,290.5,777.005,279.55,0.42608732333871113,1.2219532437576557,line_002-part_007,line_002
50,T5_Pseudo_Text,1187,b,s7_stimuli_t5.jpg,166,2995948.149,2996380.081,435.93199999956414,814.86,290.5,814.86,278.29,0.3189929755504473,0.6435090558296032,line_002-part_007,line_002
51,T5_Pseudo_Text,1187,b,s7_stimuli_t5.jpg,166,2996412.083,2996788.107,380.0189999998547,833.375,290.5,833.375,263.96,0.4802406916542855,1.3154418945313084,line_002-part_007,line_002
52,T5_Pseudo_Text,1187,b,s7_stimuli_t5.jpg,166,2996820.068,2997063.93,247.8640000000596,876.9725000000001,290.5,876.9725000000001,277.27250000000004,0.3087550253216323,0.5858532308568012,line_002-part_008,line_002
53,T5_Pseudo_Text,1187,b,s7_stimuli_t5.jpg,166,2997111.949,2997467.999,360.04799999995157,903.0725,290.5,903.0725,286.4,0.32492020989344933,1.0858962736115598,line_002-part_008,line_002
54,T5_Pseudo_Text,1187,b,s7_stimuli_t5.jpg,166,2997491.991,2998067.946,579.9550000000745,952.75,290.5,952.75,284.58,0.4441384461105713,0.8400507582485672,line_002-part_009,line_002
55,T5_Pseudo_Text,1187,b,s7_stimuli_t5.jpg,166,2998091.945,2998667.928,579.9810000001453,1000.405,290.5,1000.405,280.095,0.8136476234479352,0.6995483623452222,line_002-part_010,line_002
56,T5_Pseudo_Text,1187,b,s7_stimuli_t5.jpg,166,2998691.917,2999031.848,343.93100000033155,1030.8975,290.5,1030.8975,282.1475,0.2706321317064433,0.7931717229903084,line_002-part_010,line_002
57,T5_Pseudo_Text,1187,b,s7_stimuli_t5.jpg,166,2999067.853,2999247.872,184.02000000001863,1028.8274999999999,290.5,1028.8274999999999,291.71000000000004,0.21863412133377538,0.628825679843539,line_002-part_010,line_002
58,T5_Pseudo_Text,1187,b,s7_stimuli_t5.jpg,166,2999283.883,3000267.725,987.8410000000149,1083.315,290.5,1083.315,281.515,1.348445813032093,0.6901186713449972,line_002-part_011,line_002
59,T5_Pseudo_Text,1187,b,s7_stimuli_t5.jpg,166,3000327.715,3000427.71,103.99500000011176,1136.73,290.5,1136.73,282.53999999999996,0.05886821381568537,0.28396840897818787,line_002-part_011,line_002
60,T5_Pseudo_Text,1187,b,s7_stimuli_t5.jpg,166,3000451.712,3000743.705,295.9900000002235,1106.9725,290.5,1106.9725,275.1775,0.39591231213799283,0.7201589726742823,line_002-part_011,line_002
61,T5_Pseudo_Text,1187,b,s7_stimuli_t5.jpg,166,3000763.694,3001007.715,248.0219999998808,1141.065,290.5,1141.065,304.3725,0.4190824100242559,1.1729188505564871,line_002-part_012,line_002
62,T5_Pseudo_Text,1187,b,s7_stimuli_t5.jpg,166,3001031.719,3002307.481,1279.7629999998026,1161.9025000000001,290.5,1161.9025000000001,290.6225,1.099097841011876,0.9013437497500254,line_002-part_012,line_002
63,T5_Pseudo_Text,1187,b,s7_stimuli_t5.jpg,166,3002339.487,3002867.381,531.8969999998808,1248.26,290.5,1248.26,279.925,0.931788180693607,0.5780400583137575,line_002-part_014,line_002
64,T5_Pseudo_Text,1187,b,s7_stimuli_t5.jpg,166,3002891.402,3003567.468,680.0650000004098,1285.315,290.5,1285.315,293.4275,1.3045303949453368,1.695997281326082,line_002-part_014,line_002
65,T5_Pseudo_Text,1187,b,s7_stimuli_t5.jpg,166,3003591.466,3003847.441,259.9739999999292,1319.8249999999998,290.5,1319.8249999999998,281.54499999999996,0.41369401516698967,1.0807772984971509,line_002-part_014,line_002
66,T5_Pseudo_Text,1187,b,s7_stimuli_t5.jpg,166,3003871.438,3004027.312,159.86899999994785,1381.045,290.5,1381.045,273.475,0.8462474123344295,0.8842355960781884,line_002-part_015,line_002
67,T5_Pseudo_Text,1187,b,s7_stimuli_t5.jpg,166,3004055.279,3004327.329,276.0519999996759,1311.44,290.5,1311.44,258.33500000000004,0.6637155365443683,1.0566642315108632,line_002-part_014,line_002
68,T5_Pseudo_Text,1187,b,s7_stimuli_t5.jpg,166,3004351.339,3004467.318,119.97799999965355,1308.0700000000002,290.5,1308.0700000000002,270.5325,0.4694639019397378,0.3324639626936266,line_002-part_014,line_002
69,T5_Pseudo_Text,1187,b,s7_stimuli_t5.jpg,166,3004507.309,3004591.297,87.98799999989569,1320.3449999999998,290.5,1320.3449999999998,238.98000000000002,0.11463810058844573,0.2224059977338648,line_002-part_014,line_002
70,T5_Pseudo_Text,1187,b,s7_stimuli_t5.jpg,166,3004607.297,3004747.303,144.00700000021607,1306.5375000000001,290.5,1306.5375000000001,271.59000000000003,0.6347529141865349,0.8405895977342923,line_002-part_014,line_002
71,T5_Pseudo_Text,1187,b,s7_stimuli_t5.jpg,166,3004771.309,3005191.308,424.0010000001639,1369.495,290.5,1369.495,275.3875,1.4376237479199285,0.7849544208329697,line_002-part_015,line_002
72,T5_Pseudo_Text,1187,b,s7_stimuli_t5.jpg,166,3005255.339,3005387.384,136.04399999976158,377.925,382.5,377.925,299.98749999999995,0.7481786259320926,0.3474167584225541,line_003-part_002,line_003
73,T5_Pseudo_Text,1187,b,s7_stimuli_t5.jpg,166,3005431.375,3006747.224,1319.8500000000931,283.14750000000004,382.5,283.14750000000004,342.20000000000005,1.4884093694497116,0.8187665985623442,line_003-part_001,line_003
74,T5_Pseudo_Text,1187,b,s7_stimuli_t5.jpg,166,3006783.225,3007215.076,435.8509999997914,352.365,382.5,352.365,352.57500000000005,0.40264780570958325,0.345665530093941,line_003-part_002,line_003
75,T5_Pseudo_Text,1187,b,s7_stimuli_t5.jpg,166,3007251.08,3007875.189,628.1039999998175,378.305,382.5,378.305,347.83,0.6767823940732511,0.4717539697540851,line_003-part_002,line_003
76,T5_Pseudo_Text,1187,b,s7_stimuli_t5.jpg,166,3007911.142,3008043.073,135.9309999998659,406.6975,382.5,406.6975,364.61,0.2950146184355943,0.23951415140570032,line_003-part_002,line_003
77,T5_Pseudo_Text,1187,b,s7_stimuli_t5.jpg,166,3008059.074,3009154.892,1099.8169999998063,440.82,382.5,440.82,356.53499999999997,1.2934841854879289,1.0780831010685163,line_003-part_003,line_003
78,T5_Pseudo_Text,1187,b,s7_stimuli_t5.jpg,166,3009190.894,3009566.933,380.039000000339,473.65,382.5,473.65,362.46500000000003,0.446428513924911,0.3773223498804091,line_003-part_003,line_003
79,T5_Pseudo_Text,1187,b,s7_stimuli_t5.jpg,166,3009606.936,3011662.642,2059.707999999635,528.03,382.5,528.03,359.0,1.945884092832029,0.8721117076493287,line_003-part_004,line_003
80,T5_Pseudo_Text,1187,b,s7_stimuli_t5.jpg,166,3011690.653,3012010.68,324.0270000002347,619.23,382.5,619.23,361.995,0.4130204658098283,0.6790724618875892,line_003-part_005,line_003
81,T5_Pseudo_Text,1187,b,s7_stimuli_t5.jpg,166,3012022.68,3012626.709,608.0299999997951,656.4250000000001,382.5,656.4250000000001,373.24249999999995,2.033580219134119,1.0376701396389845,line_003-part_006,line_003
82,T5_Pseudo_Text,1187,b,s7_stimuli_t5.jpg,166,3012642.712,3014210.531,1571.820000000298,707.7049999999999,382.5,707.7049999999999,366.675,1.9142272730455594,1.1463810058844282,line_003-part_006,line_003
83,T5_Pseudo_Text,1187,b,s7_stimuli_t5.jpg,166,3014230.535,3014306.548,80.01399999996647,753.2575,382.5,753.2575,362.14750000000004,0.48522495689726286,1.0392866580961644,line_003-part_007,line_003
84,T5_Pseudo_Text,1187,b,s7_stimuli_t5.jpg,166,3014430.459,3014638.368,211.9089999999851,762.705,382.5,762.705,376.265,0.41557995336703285,0.8942041265641401,line_003-part_007,line_003
85,T5_Pseudo_Text,1187,b,s7_stimuli_t5.jpg,166,3014774.381,3014902.377,131.99599999981,791.45,382.5,791.45,375.04499999999996,0.3288267961649673,0.8966289042499129,line_003-part_007,line_003
86,T5_Pseudo_Text,1187,b,s7_stimuli_t5.jpg,166,3014930.376,3015142.394,216.0189999998547,828.9925,382.5,828.9925,370.705,0.25594875572037756,0.5008513019833502,line_003-part_008,line_003
87,T5_Pseudo_Text,1187,b,s7_stimuli_t5.jpg,166,3015166.397,3015542.577,380.1830000001937,861.425,382.5,861.425,369.525,0.47377461782555996,0.7826643530186285,line_003-part_008,line_003
88,T5_Pseudo_Text,1187,b,s7_stimuli_t5.jpg,166,3015566.584,3016122.248,559.6660000002012,892.91,382.5,892.91,363.6425,1.06636334225395,0.6503792592726222,line_003-part_008,line_003
89,T5_Pseudo_Text,1187,b,s7_stimuli_t5.jpg,166,3016154.264,3018462.198,2311.935000000056,956.2750000000001,382.5,956.2750000000001,373.385,0.7969435993903947,0.9100998913930891,line_003-part_009,line_003
90,T5_Pseudo_Text,1187,b,s7_stimuli_t5.jpg,166,3018486.204,3018914.138,431.9290000000037,996.7974999999999,382.5,996.7974999999999,372.22,0.4041296142953299,0.554600540684628,line_003-part_009,line_003
91,T5_Pseudo_Text,1187,b,s7_stimuli_t5.jpg,166,3018942.103,3019442.111,504.0069999997504,1040.255,382.5,1040.255,379.84749999999997,0.9051156261501149,0.4565317542822943,line_003-part_010,line_003
92,T5_Pseudo_Text,1187,b,s7_stimuli_t5.jpg,166,3019506.083,3019802.041,299.95899999979883,1086.66,382.5,1086.66,375.795,0.2892220939640301,0.7460232679891831,line_003-part_010,line_003
93,T5_Pseudo_Text,1187,b,s7_stimuli_t5.jpg,166,3019846.046,3020877.922,1035.875,1139.0900000000001,382.5,1139.0900000000001,374.23,0.9879621970806532,0.8065080002620529,line_003-part_011,line_003
94,T5_Pseudo_Text,1187,b,s7_stimuli_t5.jpg,166,3020905.916,3021641.744,739.8240000000224,1188.7800000000002,382.5,1188.7800000000002,383.84,0.7906122354330977,0.7586859959037725,line_003-part_012,line_003
95,T5_Pseudo_Text,1187,b,s7_stimuli_t5.jpg,166,3021665.719,3021941.772,280.05500000016764,1164.51,382.5,1164.51,376.3375,0.4142328546527163,0.5442278805843814,line_003-part_011,line_003
96,T5_Pseudo_Text,1187,b,s7_stimuli_t5.jpg,166,3021965.781,3022201.796,240.01500000013039,1199.7925,382.5,1199.7925,374.22,0.5656467501420315,0.4683862229682922,line_003-part_012,line_003
97,T5_Pseudo_Text,1187,b,s7_stimuli_t5.jpg,166,3022225.797,3023261.592,1039.7900000000373,1150.6574999999998,382.5,1150.6574999999998,379.6975,1.293753605230792,1.265868661844415,line_003-part_011,line_003
98,T5_Pseudo_Text,1187,b,s7_stimuli_t5.jpg,166,3023305.534,3023701.671,400.1359999999404,1193.7649999999999,382.5,1193.7649999999999,375.9525,0.6747617460017763,0.991599363609314,line_003-part_012,line_003
99,T5_Pseudo_Text,1187,b,s7_stimuli_t5.jpg,166,3023713.669,3024581.632,871.9589999997988,1229.2775000000001,382.5,1229.2775000000001,371.4525,1.1738618196565027,0.7349770585317782,line_003-part_013,line_003
100,T5_Pseudo_Text,1187,b,s7_stimuli_t5.jpg,166,3024605.608,3025497.597,895.9909999999218,1294.455,382.5,1294.455,370.9375,0.7972130191332641,1.103543266769122,line_003-part_014,line_003
101,T5_Pseudo_Text,1187,b,s7_stimuli_t5.jpg,166,3025521.607,3025609.59,91.98100000014529,1327.94,382.5,1327.94,344.38,0.22752497284827689,0.3564423198084842,line_003-part_014,line_003
102,T5_Pseudo_Text,1187,b,s7_stimuli_t5.jpg,166,3025625.582,3026301.311,679.7330000000075,1308.6875,382.5,1308.6875,373.30499999999995,0.8812719789066904,1.1824832514281454,line_003-part_014,line_003
103,T5_Pseudo_Text,1187,b,s7_stimuli_t5.jpg,166,3026325.334,3027241.437,920.1060000001453,1368.5675,382.5,1368.5675,376.7475,0.9234361686648384,1.1296769818268892,line_003-part_015,line_003
104,T5_Pseudo_Text,1187,b,s7_stimuli_t5.jpg,166,3027273.46,3027469.474,200.0120000001043,1400.71,382.5,1400.71,390.035,0.5562170591418095,0.4833390186972166,line_003-part_015,line_003
105,T5_Pseudo_Text,1187,b,s7_stimuli_t5.jpg,166,3027529.438,3027661.326,135.88400000007823,418.84499999999997,474.5,418.84499999999997,423.47249999999997,0.8738629359779402,0.5967647304427744,line_004-part_003,line_004
106,T5_Pseudo_Text,1187,b,s7_stimuli_t5.jpg,166,3027685.304,3028201.264,519.9589999997988,287.6975,474.5,287.6975,447.4525,1.070135218654041,0.6394677596866489,line_004-part_001,line_004
107,T5_Pseudo_Text,1187,b,s7_stimuli_t5.jpg,166,3028233.263,3028453.255,223.99200000008568,321.475,474.5,321.475,446.2825,0.5038149191548497,0.24678848446301735,line_004-part_001,line_004
108,T5_Pseudo_Text,1187,b,s7_stimuli_t5.jpg,166,3028525.253,3028969.303,448.04699999978766,303.185,474.5,303.185,451.8175,0.49142161098312515,0.4450814152105929,line_004-part_001,line_004
109,T5_Pseudo_Text,1187,b,s7_stimuli_t5.jpg,166,3028985.291,3029561.128,579.8369999998249,337.24,474.5,337.24,455.15999999999997,1.0492551885821144,0.49910007365473563,line_004-part_001,line_004
110,T5_Pseudo_Text,1187,b,s7_stimuli_t5.jpg,166,3029585.13,3029745.105,163.97500000009313,390.765,474.5,390.765,451.17,0.6375818214866042,0.46367137746817816,line_004-part_002,line_004
111,T5_Pseudo_Text,1187,b,s7_stimuli_t5.jpg,166,3029753.104,3030748.969,999.8640000000596,426.14750000000004,474.5,426.14750000000004,455.8825,1.2533406438012604,0.926265075964903,line_004-part_003,line_004
112,T5_Pseudo_Text,1187,b,s7_stimuli_t5.jpg,166,3030756.967,3031461.048,708.0809999997728,445.95500000000004,474.5,445.95500000000004,451.46000000000004,1.814811387928909,0.9033643978215018,line_004-part_003,line_004
113,T5_Pseudo_Text,1187,b,s7_stimuli_t5.jpg,166,3031485.042,3031736.984,255.94200000027195,527.015,474.5,527.015,467.195,0.6503792592726222,0.6802848507304756,line_004-part_004,line_004
114,T5_Pseudo_Text,1187,b,s7_stimuli_t5.jpg,166,3031764.983,3031940.944,179.95800000010058,578.975,474.5,578.975,465.21000000000004,0.2517727497059901,0.17364102427556274,line_004-part_005,line_004
115,T5_Pseudo_Text,1187,b,s7_stimuli_t5.jpg,166,3031976.911,3032376.897,403.98700000019744,567.875,474.5,567.875,450.245,0.33205983307933007,0.4437343164962748,line_004-part_005,line_004
116,T5_Pseudo_Text,1187,b,s7_stimuli_t5.jpg,166,3032412.905,3033000.813,591.9080000002868,602.0649999999999,474.5,602.0649999999999,469.8025,0.6987401031166324,0.6196654085861788,line_004-part_005,line_004
117,T5_Pseudo_Text,1187,b,s7_stimuli_t5.jpg,166,3033036.816,3033464.649,431.8279999997467,612.525,474.5,612.525,469.84,0.44535083495345623,0.31225748197885994,line_004-part_005,line_004
118,T5_Pseudo_Text,1187,b,s7_stimuli_t5.jpg,166,3033516.596,3034112.705,600.1060000001453,621.1949999999999,474.5,621.1949999999999,463.3425,0.32438137040771964,0.5564864788846727,line_004-part_005,line_004
119,T5_Pseudo_Text,1187,b,s7_stimuli_t5.jpg,166,3034156.689,3034440.763,288.07400000002235,664.27,474.5,664.27,469.8075,0.438750051253302,0.4736399079541298,line_004-part_006,line_004
120,T5_Pseudo_Text,1187,b,s7_stimuli_t5.jpg,166,3034464.765,3034720.71,259.9429999999702,724.86,474.5,724.86,468.33000000000004,0.41908241002425894,0.4667697045111078,line_004-part_007,line_004
121,T5_Pseudo_Text,1187,b,s7_stimuli_t5.jpg,166,3034744.703,3035160.655,419.9509999998845,679.91,474.5,679.91,467.815,0.41733118169564437,0.5830243235567334,line_004-part_006,line_004
122,T5_Pseudo_Text,1187,b,s7_stimuli_t5.jpg,166,3035184.646,3035872.637,691.99199999962,735.1800000000001,474.5,735.1800000000001,452.435,1.3372648937032565,0.7865709392901495,line_004-part_007,line_004
123,T5_Pseudo_Text,1187,b,s7_stimuli_t5.jpg,166,3035888.641,3036220.583,335.94200000027195,770.9575,474.5,770.9575,477.3425,0.3542869618655746,0.9126593789502937,line_004-part_007,line_004
124,T5_Pseudo_Text,1187,b,s7_stimuli_t5.jpg,166,3036252.589,3036632.443,383.8549999999814,800.36,474.5,800.36,470.5625,0.32667143822206085,0.5412642634128819,line_004-part_007,line_004
125,T5_Pseudo_Text,1187,b,s7_stimuli_t5.jpg,166,3036644.448,3036780.492,140.04300000006333,833.335,474.5,833.335,455.385,0.5393783252128372,0.6511875185012136,line_004-part_007,line_004
126,T5_Pseudo_Text,1187,b,s7_stimuli_t5.jpg,166,3036804.485,3037492.528,692.0419999998994,904.61,474.5,904.61,462.57000000000005,0.6887715726306807,0.6494362901726006,line_004-part_008,line_004
127,T5_Pseudo_Text,1187,b,s7_stimuli_t5.jpg,166,3037516.525,3037916.198,403.6630000001751,922.165,474.5,922.165,468.22,0.44791032251066376,0.7278374353458958,line_004-part_008,line_004
128,T5_Pseudo_Text,1187,b,s7_stimuli_t5.jpg,166,3037940.133,3038380.295,444.1620000000112,956.735,474.5,956.735,464.34,1.023121473524352,0.7999072165618941,line_004-part_008,line_004
129,T5_Pseudo_Text,1187,b,s7_stimuli_t5.jpg,166,3038404.294,3038696.302,296.0069999997504,1031.68,474.5,1031.68,468.34499999999997,0.618991859229022,0.6720675485731386,line_004-part_009,line_004
130,T5_Pseudo_Text,1187,b,s7_stimuli_t5.jpg,166,3038728.292,3039596.155,871.8640000000596,1046.785,474.5,1046.785,475.0175,0.9079445334501827,1.1069110135549165,line_004-part_009,line_004
131,T5_Pseudo_Text,1187,b,s7_stimuli_t5.jpg,166,3039644.171,3039828.246,188.0749999997206,1086.505,474.5,1086.505,466.66999999999996,0.44225250791052506,0.7636702611467467,line_004-part_009,line_004
132,T5_Pseudo_Text,1187,b,s7_stimuli_t5.jpg,166,3039856.244,3040020.241,167.99699999997392,1128.2350000000001,474.5,1128.2350000000001,447.2375,0.6553635245155995,1.560209730922848,line_004-part_010,line_004
133,T5_Pseudo_Text,1187,b,s7_stimuli_t5.jpg,166,3040116.269,3040184.277,72.00700000021607,1131.7125,474.5,1131.7125,438.7525,0.5862573604710961,1.08670453284015,line_004-part_010,line_004
134,T5_Pseudo_Text,1187,b,s7_stimuli_t5.jpg,166,3040200.273,3040924.041,727.7659999998286,1128.5225,474.5,1128.5225,479.04249999999996,0.7735040817612683,0.7438679100462766,line_004-part_010,line_004
135,T5_Pseudo_Text,1187,b,s7_stimuli_t5.jpg,166,3040964.028,3041240.07,280.04300000006333,1155.46,474.5,1155.46,472.83500000000004,0.23358691706270443,0.468655642711154,line_004-part_010,line_004
136,T5_Pseudo_Text,1187,b,s7_stimuli_t5.jpg,166,3041268.077,3041860.059,595.9830000000075,1207.26,474.5,1207.26,470.11,1.0281057387673294,0.5571600282418326,line_004-part_011,line_004
137,T5_Pseudo_Text,1187,b,s7_stimuli_t5.jpg,166,3041884.065,3042080.085,200.0189999998547,1257.8174999999999,474.5,1257.8174999999999,479.4975,0.36236955415148314,0.28895267422116216,line_004-part_011,line_004
138,T5_Pseudo_Text,1187,b,s7_stimuli_t5.jpg,166,3042104.078,3043799.83,1699.7529999995604,1333.25,474.5,1333.25,475.925,1.368517583875425,0.7810478345614471,line_004-part_012,line_004
139,T5_Pseudo_Text,1187,b,s7_stimuli_t5.jpg,166,3043831.836,3044071.924,244.08899999968708,1371.7,474.5,1371.7,473.485,0.18024180797571998,0.47350519808269814,line_004-part_012,line_004
140,T5_Pseudo_Text,1187,b,s7_stimuli_t5.jpg,166,3044087.929,3044371.9,287.9729999997653,1405.125,474.5,1405.125,468.2825,0.5110892522121591,0.5191718444980722,line_004-part_012,line_004
141,T5_Pseudo_Text,1187,b,s7_stimuli_t5.jpg,166,3044431.929,3044539.966,112.03599999984726,406.0325,567.0,406.0325,524.8325,0.21917296081950202,0.5326428316412515,line_005-part_001,line_005
142,T5_Pseudo_Text,1187,b,s7_stimuli_t5.jpg,166,3044579.945,3045779.696,1203.751000000164,291.945,567.0,291.945,547.685,1.3396896713890278,0.9332699892793552,line_005-part_001,line_005
143,T5_Pseudo_Text,1187,b,s7_stimuli_t5.jpg,166,3045803.7,3047579.627,1779.9279999998398,361.0,567.0,361.0,559.125,2.4911896523878636,1.0464262812820497,line_005-part_001,line_005
144,T5_Pseudo_Text,1187,b,s7_stimuli_t5.jpg,166,3047611.635,3047719.664,112.03000000026077,441.7225,567.0,441.7225,565.355,0.5625484230991049,0.22348367670531497,line_005-part_002,line_005
145,T5_Pseudo_Text,1187,b,s7_stimuli_t5.jpg,166,3047775.672,3049119.503,1347.8310000002384,445.635,567.0,445.635,558.1800000000001,1.72778881098398,0.8128393642193483,line_005-part_002,line_005
146,T5_Pseudo_Text,1187,b,s7_stimuli_t5.jpg,166,3049143.505,3049819.348,679.844000000041,519.7975,567.0,519.7975,562.0525,0.621281927043357,0.7969435993903977,line_005-part_003,line_005
147,T5_Pseudo_Text,1187,b,s7_stimuli_t5.jpg,166,3049875.345,3050223.372,352.02699999976903,557.6625,567.0,557.6625,560.1300000000001,0.6466073828725327,0.7131540593598317,line_005-part_003,line_005
148,T5_Pseudo_Text,1187,b,s7_stimuli_t5.jpg,166,3050251.372,3050603.334,355.9619999998249,616.815,567.0,616.815,568.2950000000001,0.7798354457185591,0.6113133965574055,line_005-part_004,line_005
149,T5_Pseudo_Text,1187,b,s7_stimuli_t5.jpg,166,3050631.332,3052311.139,1683.8070000000298,652.32,567.0,652.32,559.005,1.0515452563964556,1.1378942839842294,line_005-part_005,line_005
150,T5_Pseudo_Text,1187,b,s7_stimuli_t5.jpg,166,3052343.141,3053799.123,1459.9830000000075,678.2049999999999,567.0,678.2049999999999,559.525,1.623253950752921,0.7306663426459591,line_005-part_005,line_005
151,T5_Pseudo_Text,1187,b,s7_stimuli_t5.jpg,166,3053831.134,3055018.986,1191.8519999999553,770.5575,567.0,770.5575,551.3175,1.5400032502080814,0.6479544815868493,line_005-part_007,line_005
152,T5_Pseudo_Text,1187,b,s7_stimuli_t5.jpg,166,3055054.985,3055998.795,947.811999999918,835.53,567.0,835.53,561.3,0.4644796366967696,0.9138717677931755,line_005-part_008,line_005
153,T5_Pseudo_Text,1187,b,s7_stimuli_t5.jpg,166,3056034.806,3056318.86,288.0540000000037,859.48,567.0,859.48,570.07,0.18980620884737667,0.5023331105690984,line_005-part_008,line_005
154,T5_Pseudo_Text,1187,b,s7_stimuli_t5.jpg,166,3056342.862,3056798.87,460.0069999997504,909.0550000000001,567.0,909.0550000000001,565.125,1.0349759422103468,0.8333152646769753,line_005-part_009,line_005
155,T5_Pseudo_Text,1187,b,s7_stimuli_t5.jpg,166,3056834.865,3057058.728,227.85800000000745,958.3399999999999,567.0,958.3399999999999,565.175,0.40749736108112744,0.19802351100471377,line_005-part_010,line_005
156,T5_Pseudo_Text,1187,b,s7_stimuli_t5.jpg,166,3057086.694,3057398.687,315.99299999978393,915.955,567.0,915.955,552.885,0.3880991395949538,0.9100998913930891,line_005-part_009,line_005
157,T5_Pseudo_Text,1187,b,s7_stimuli_t5.jpg,166,3057406.687,3058018.673,615.9870000001974,951.765,567.0,951.765,565.155,1.0889946006544926,1.0681145705825645,line_005-part_010,line_005
158,T5_Pseudo_Text,1187,b,s7_stimuli_t5.jpg,166,3058042.676,3059118.536,1079.8590000001714,984.985,567.0,984.985,564.86,1.2557654214870317,1.0012984743524054,line_005-part_010,line_005
159,T5_Pseudo_Text,1187,b,s7_stimuli_t5.jpg,166,3059142.534,3059538.546,400.0120000001043,1055.3125,567.0,1055.3125,548.9675,0.48940096291164115,1.0717517371112224,line_005-part_011,line_005
160,T5_Pseudo_Text,1187,b,s7_stimuli_t5.jpg,166,3059562.546,3059954.535,395.9879999998957,1086.105,567.0,1086.105,574.645,0.45141277916788375,0.7138276087169869,line_005-part_011,line_005
161,T5_Pseudo_Text,1187,b,s7_stimuli_t5.jpg,166,3059982.53,3060498.481,519.9490000000224,1126.49,567.0,1126.49,576.9325,0.9607508030514343,0.7935758526046033,line_005-part_012,line_005
162,T5_Pseudo_Text,1187,b,s7_stimuli_t5.jpg,166,3060530.464,3060938.441,411.9769999999553,1188.72,567.0,1188.72,576.905,0.48630263586871614,0.43147571819598657,line_005-part_013,line_005
163,T5_Pseudo_Text,1187,b,s7_stimuli_t5.jpg,166,3060970.44,3061318.394,351.95000000018626,1205.895,567.0,1205.895,577.5225,0.3137392905646097,0.30592611802156755,line_005-part_013,line_005
164,T5_Pseudo_Text,1187,b,s7_stimuli_t5.jpg,166,3061342.369,3062054.315,715.9459999999963,1250.72,567.0,1250.72,571.175,1.2391961073009197,0.9603466734371424,line_005-part_013,line_005
165,T5_Pseudo_Text,1187,b,s7_stimuli_t5.jpg,166,3062082.314,3062778.262,699.941000000108,1298.18,567.0,1298.18,579.4000000000001,0.8415325668343184,0.7406348731319138,line_005-part_014,line_005
166,T5_Pseudo_Text,1187,b,s7_stimuli_t5.jpg,166,3062806.216,3063182.192,379.97500000009313,1316.9499999999998,567.0,1316.9499999999998,576.525,0.971931722380277,0.4272997121816022,line_005-part_014,line_005
167,T5_Pseudo_Text,1187,b,s7_stimuli_t5.jpg,166,3063338.149,3063398.138,63.98799999989569,1349.915,567.0,1349.915,548.9875,0.4193518297671192,0.856215942820378,line_005-part_015,line_005
168,T5_Pseudo_Text,1187,b,s7_stimuli_t5.jpg,166,3063410.136,3064538.011,1131.87900000019,1322.7,567.0,1322.7,576.74,1.1307546607983425,0.9660044880372781,line_005-part_014,line_005
169,T5_Pseudo_Text,1187,b,s7_stimuli_t5.jpg,166,3064562.026,3065142.106,584.0789999999106,1373.2475,567.0,1373.2475,569.14,0.9763771481375308,0.29568816779274953,line_005-part_015,line_005
170,T5_Pseudo_Text,1187,b,s7_stimuli_t5.jpg,166,3065178.093,3065274.056,99.96200000029057,1410.69,567.0,1410.69,571.005,0.2921857111355265,0.23129684924836322,line_005-part_015,line_005
171,T5_Pseudo_Text,1187,b,s7_stimuli_t5.jpg,166,3065350.023,3066237.927,891.9070000001229,289.09000000000003,656.0,289.09000000000003,660.575,1.3753877873184501,0.4648837663110646,line_006-part_001,line_006
172,T5_Pseudo_Text,1187,b,s7_stimuli_t5.jpg,166,3066261.945,3067697.844,1439.8990000002086,355.1375,656.0,355.1375,660.1949999999999,1.1203820006980942,0.6255926429291762,line_006-part_002,line_006
173,T5_Pseudo_Text,1187,b,s7_stimuli_t5.jpg,166,3067721.841,3068081.82,363.9769999999553,399.25,656.0,399.25,657.285,0.5008513019833487,0.24665377459158416,line_006-part_002,line_006
174,T5_Pseudo_Text,1187,b,s7_stimuli_t5.jpg,166,3068113.803,3068437.853,328.0490000001155,420.125,656.0,420.125,655.6275,0.5877391690568459,0.32047478413619856,line_006-part_002,line_006
175,T5_Pseudo_Text,1187,b,s7_stimuli_t5.jpg,166,3068469.842,3068909.605,443.76599999982864,460.05,656.0,460.05,658.4100000000001,0.4511433594250235,0.20017886894762024,line_006-part_003,line_006
176,T5_Pseudo_Text,1187,b,s7_stimuli_t5.jpg,166,3068941.634,3069157.709,220.0749999997206,497.64,656.0,497.64,662.375,0.4805101113971519,0.37247279450886644,line_006-part_003,line_006
177,T5_Pseudo_Text,1187,b,s7_stimuli_t5.jpg,166,3069181.707,3069517.698,339.9900000002235,534.3499999999999,656.0,534.3499999999999,662.88,0.5481344668559041,0.31252690172172787,line_006-part_003,line_006
178,T5_Pseudo_Text,1187,b,s7_stimuli_t5.jpg,166,3069553.694,3069817.768,268.0719999996945,589.39,656.0,589.39,668.375,0.3790735782090206,0.24719261407731077,line_006-part_004,line_006
179,T5_Pseudo_Text,1187,b,s7_stimuli_t5.jpg,166,3069857.75,3070429.509,575.7599999997765,660.52,656.0,660.52,665.1725,1.1345265371984288,0.37072156618025187,line_006-part_005,line_006
180,T5_Pseudo_Text,1187,b,s7_stimuli_t5.jpg,166,3070437.511,3072229.32,1795.8080000001937,691.255,656.0,691.255,668.365,1.3823927006329009,0.8772306827637377,line_006-part_005,line_006
181,T5_Pseudo_Text,1187,b,s7_stimuli_t5.jpg,166,3072281.318,3072549.439,272.1239999998361,744.25,656.0,744.25,666.7825,0.2306232998912019,0.43214926755314176,line_006-part_006,line_006
182,T5_Pseudo_Text,1187,b,s7_stimuli_t5.jpg,166,3072569.448,3072729.496,164.04799999995157,786.05,656.0,786.05,671.915,0.5283321157554293,0.4710804203969268,line_006-part_007,line_006
183,T5_Pseudo_Text,1187,b,s7_stimuli_t5.jpg,166,3072761.499,3072857.498,99.99800000013784,817.645,656.0,817.645,681.325,0.1840136843758063,0.12177772377432651,line_006-part_007,line_006
184,T5_Pseudo_Text,1187,b,s7_stimuli_t5.jpg,166,3072989.442,3073149.316,163.87199999997392,795.4,656.0,795.4,649.39,0.542611362127197,1.5887682236663865,line_006-part_007,line_006
185,T5_Pseudo_Text,1187,b,s7_stimuli_t5.jpg,166,3073169.316,3073497.348,332.030999999959,763.135,656.0,763.135,664.7249999999999,0.3998188984095139,0.9336741188936472,line_006-part_006,line_006
186,T5_Pseudo_Text,1187,b,s7_stimuli_t5.jpg,166,3073533.332,3073809.268,279.93900000024587,806.0674999999999,656.0,806.0674999999999,667.645,0.3152210991503579,0.40897916966687564,line_006-part_007,line_006
187,T5_Pseudo_Text,1187,b,s7_stimuli_t5.jpg,166,3073861.3,3074217.313,360.0120000001043,819.4775,656.0,819.4775,653.0699999999999,0.3711256957945499,0.46744325386826907,line_006-part_007,line_006
188,T5_Pseudo_Text,1187,b,s7_stimuli_t5.jpg,166,3074245.304,3075457.22,1215.9169999998994,862.2125000000001,656.0,862.2125000000001,667.1175000000001,0.8048914818048715,0.532373411898382,line_006-part_007,line_006
189,T5_Pseudo_Text,1187,b,s7_stimuli_t5.jpg,166,3075489.231,3075713.18,227.94699999969453,918.44,656.0,918.44,670.425,0.2878749952497074,0.16690553070397388,line_006-part_008,line_006
190,T5_Pseudo_Text,1187,b,s7_stimuli_t5.jpg,166,3075741.171,3076337.165,600.0019999998622,947.5725,656.0,947.5725,661.6949999999999,0.6098315879716603,0.607945649771614,line_006-part_008,line_006
191,T5_Pseudo_Text,1187,b,s7_stimuli_t5.jpg,166,3076365.186,3077057.01,695.8239999995567,1013.05,656.0,1013.05,657.7349999999999,1.2600761373728477,0.6140075939860415,line_006-part_009,line_006
192,T5_Pseudo_Text,1187,b,s7_stimuli_t5.jpg,166,3077093.01,3077676.795,587.789000000339,1051.4099999999999,656.0,1051.4099999999999,663.64,0.37287692412315837,0.8438226346486566,line_006-part_009,line_006
193,T5_Pseudo_Text,1187,b,s7_stimuli_t5.jpg,166,3077736.86,3078376.954,644.094000000041,1114.6799999999998,656.0,1114.6799999999998,667.47,0.9401401927223758,0.3751669919374996,line_006-part_010,line_006
194,T5_Pseudo_Text,1187,b,s7_stimuli_t5.jpg,166,3078420.941,3078632.891,215.9499999997206,1146.2575000000002,656.0,1146.2575000000002,668.79,0.4349781748532157,0.3014806922643199,line_006-part_010,line_006
195,T5_Pseudo_Text,1187,b,s7_stimuli_t5.jpg,166,3078660.89,3079476.856,819.9699999997392,1183.8899999999999,656.0,1183.8899999999999,668.4,0.5168817766837294,0.3736851833517513,line_006-part_011,line_006
196,T5_Pseudo_Text,1187,b,s7_stimuli_t5.jpg,166,3079512.895,3079908.769,399.8719999999739,1136.8500000000001,656.0,1136.8500000000001,671.0825,0.9185866132932926,0.4050725833953515,line_006-part_010,line_006
197,T5_Pseudo_Text,1187,b,s7_stimuli_t5.jpg,166,3079928.761,3080416.704,491.94100000010803,1164.7,656.0,1164.7,665.2850000000001,1.0984242916547144,0.4027825155810164,line_006-part_011,line_006
198,T5_Pseudo_Text,1187,b,s7_stimuli_t5.jpg,166,3080448.675,3080852.669,407.9930000002496,1215.1175,656.0,1215.1175,658.0525,0.26389663813484826,0.18172361656147126,line_006-part_012,line_006
199,T5_Pseudo_Text,1187,b,s7_stimuli_t5.jpg,166,3080900.66,3081396.675,500.0149999996647,1236.5549999999998,656.0,1236.5549999999998,664.63,0.647685061843986,0.4208336383528735,line_006-part_012,line_006
200,T5_Pseudo_Text,1187,b,s7_stimuli_t5.jpg,166,3081420.675,3082280.505,863.8300000000745,1294.5,656.0,1294.5,670.1999999999999,2.0997227660071167,0.6180488901289943,line_006-part_013,line_006
201,T5_Pseudo_Text,1187,b,s7_stimuli_t5.jpg,166,3082400.5,3083760.334,1363.8319999999367,1360.7199999999998,656.0,1360.7199999999998,667.03,1.2288234472006792,1.4236139212910273,line_006-part_014,line_006
202,T5_Pseudo_Text,1187,b,s7_stimuli_t5.jpg,166,3083792.317,3084480.358,692.0410000002012,1309.37,656.0,1309.37,668.225,1.1290034324697278,0.7383448053175757,line_006-part_013,line_006
203,T5_Pseudo_Text,1187,b,s7_stimuli_t5.jpg,166,3084504.361,3085780.028,1279.6719999997877,1374.2624999999998,656.0,1374.2624999999998,666.195,1.1086622418835266,0.4706762907826319,line_006-part_014,line_006
204,T5_Pseudo_Text,1187,b,s7_stimuli_t5.jpg,166,3085804.059,3086332.203,532.1430000001565,1422.0,656.0,1422.0,669.45,0.7182730344742468,0.5380312264985176,line_006-part_015,line_006
205,T5_Pseudo_Text,1187,b,s7_stimuli_t5.jpg,166,3086400.18,3086540.137,143.95599999977276,323.475,750.5,323.475,758.8149999999999,0.37152982540884183,0.4042643241667677,line_007-part_001,line_007
206,T5_Pseudo_Text,1187,b,s7_stimuli_t5.jpg,166,3086564.14,3087676.096,1115.9569999999367,287.44500000000005,750.5,287.44500000000005,751.065,1.73910444018425,0.49222987021171816,line_007-part_001,line_007
207,T5_Pseudo_Text,1187,b,s7_stimuli_t5.jpg,166,3087708.102,3087868.136,164.03599999984726,352.69,750.5,352.69,743.1600000000001,0.43767237228184575,0.133766902331753,line_007-part_002,line_007
208,T5_Pseudo_Text,1187,b,s7_stimuli_t5.jpg,166,3087928.158,3088112.064,187.9030000003986,387.595,750.5,387.595,744.735,0.29716997637850384,0.19398221486175798,line_007-part_003,line_007
209,T5_Pseudo_Text,1187,b,s7_stimuli_t5.jpg,166,3088200.029,3088399.983,203.9539999999106,426.425,750.5,426.425,731.01,0.8027361238619635,0.8498845788630811,line_007-part_003,line_007
210,T5_Pseudo_Text,1187,b,s7_stimuli_t5.jpg,166,3088611.963,3088839.997,232.035000000149,429.89,750.5,429.89,750.7525,0.5471914977558809,0.5947440823712996,line_007-part_003,line_007
211,T5_Pseudo_Text,1187,b,s7_stimuli_t5.jpg,166,3088864.002,3089160.047,300.04400000022724,470.03,750.5,470.03,755.03,0.3778611893661373,0.28949151370689336,line_007-part_004,line_007
212,T5_Pseudo_Text,1187,b,s7_stimuli_t5.jpg,166,3089192.036,3089815.981,627.9429999999702,489.21500000000003,750.5,489.21500000000003,745.4200000000001,0.5521757629988567,0.4714845500112218,line_007-part_004,line_007
213,T5_Pseudo_Text,1187,b,s7_stimuli_t5.jpg,166,3089875.947,3090319.874,447.92499999981374,505.05499999999995,750.5,505.05499999999995,744.47,1.0539700340822271,0.3507845052083516,line_007-part_004,line_007
214,T5_Pseudo_Text,1187,b,s7_stimuli_t5.jpg,166,3090359.854,3091779.742,1423.8880000002682,536.3225,750.5,536.3225,752.51,1.492181245849801,0.5299486342126153,line_007-part_005,line_007
215,T5_Pseudo_Text,1187,b,s7_stimuli_t5.jpg,166,3091803.743,3092619.589,819.8460000003688,570.545,750.5,570.545,751.845,1.1416661603843157,0.7695974954897442,line_007-part_005,line_007
216,T5_Pseudo_Text,1187,b,s7_stimuli_t5.jpg,166,3092655.589,3093019.695,368.1089999997057,618.8299999999999,750.5,618.8299999999999,747.7225000000001,0.5179594556551858,0.2974393961213641,line_007-part_006,line_007
217,T5_Pseudo_Text,1187,b,s7_stimuli_t5.jpg,166,3093059.724,3093679.329,623.5989999999292,676.8449999999999,750.5,676.8449999999999,755.475,0.3125269017217217,0.45329871736793,line_007-part_007,line_007
218,T5_Pseudo_Text,1187,b,s7_stimuli_t5.jpg,166,3093711.302,3093959.448,252.1469999998808,637.7,750.5,637.7,756.385,0.5393783252128342,0.2904344828069119,line_007-part_006,line_007
219,T5_Pseudo_Text,1187,b,s7_stimuli_t5.jpg,166,3093987.455,3094599.516,616.0609999997541,666.325,750.5,666.325,756.405,1.0298569670959408,0.8135129135765036,line_007-part_007,line_007
220,T5_Pseudo_Text,1187,b,s7_stimuli_t5.jpg,166,3094631.521,3095071.346,443.8209999999963,713.185,750.5,713.185,754.75,0.4073626512096958,0.2667255454349161,line_007-part_007,line_007
221,T5_Pseudo_Text,1187,b,s7_stimuli_t5.jpg,166,3095119.304,3095279.327,164.02499999990687,767.995,750.5,767.995,762.0699999999999,0.18765085090446407,0.2189035410766387,line_007-part_008,line_007
222,T5_Pseudo_Text,1187,b,s7_stimuli_t5.jpg,166,3095323.345,3096479.346,1160.0009999996983,727.3075,750.5,727.3075,758.3075,1.1768254368280113,0.5252337887125043,line_007-part_007,line_007
223,T5_Pseudo_Text,1187,b,s7_stimuli_t5.jpg,166,3096507.346,3097499.259,995.9120000000112,770.925,750.5,770.925,759.9200000000001,0.9418914210509903,0.5315651526697951,line_007-part_008,line_007
224,T5_Pseudo_Text,1187,b,s7_stimuli_t5.jpg,166,3097531.246,3098547.075,1019.8280000002123,813.1949999999999,750.5,813.1949999999999,760.275,0.9148147368932031,0.5783094780566224,line_007-part_009,line_007
225,T5_Pseudo_Text,1187,b,s7_stimuli_t5.jpg,166,3098587.072,3098939.059,355.9860000000335,857.8199999999999,750.5,857.8199999999999,764.6,0.28800970512113905,0.4687903525825887,line_007-part_010,line_007
226,T5_Pseudo_Text,1187,b,s7_stimuli_t5.jpg,166,3098975.053,3099099.068,128.0160000002943,827.6125,750.5,827.6125,757.4375,0.17902941913283202,0.13309335297459474,line_007-part_009,line_007
227,T5_Pseudo_Text,1187,b,s7_stimuli_t5.jpg,166,3099123.073,3099339.088,220.01500000013039,870.12,750.5,870.12,759.635,0.22334896683388944,0.2378976329485235,line_007-part_010,line_007
228,T5_Pseudo_Text,1187,b,s7_stimuli_t5.jpg,166,3099375.077,3099658.805,287.7310000001453,899.975,750.5,899.975,768.505,0.3261325987363342,0.20853088097639205,line_007-part_010,line_007
229,T5_Pseudo_Text,1187,b,s7_stimuli_t5.jpg,166,3099690.83,3100054.875,368.0460000000894,925.0925,750.5,925.0925,770.35,0.5039496290262814,0.5327775415126801,line_007-part_010,line_007
230,T5_Pseudo_Text,1187,b,s7_stimuli_t5.jpg,166,3100082.884,3100198.927,120.0449999999255,959.7075,750.5,959.7075,767.5374999999999,0.15882293841806538,0.35684644942277916,line_007-part_011,line_007
231,T5_Pseudo_Text,1187,b,s7_stimuli_t5.jpg,166,3100234.943,3101538.851,1307.910000000149,1001.5450000000001,750.5,1001.5450000000001,760.615,1.2087516763573352,0.5039496290262844,line_007-part_011,line_007
232,T5_Pseudo_Text,1187,b,s7_stimuli_t5.jpg,166,3101578.862,3102898.653,1323.7909999997355,1088.44,750.5,1088.44,760.255,1.5410809291795378,0.9770506974946861,line_007-part_012,line_007
233,T5_Pseudo_Text,1187,b,s7_stimuli_t5.jpg,166,3102922.653,3104538.595,1619.9399999999441,1153.375,750.5,1153.375,764.525,1.459850876706173,0.8497498689916525,line_007-part_013,line_007
234,T5_Pseudo_Text,1187,b,s7_stimuli_t5.jpg,166,3104586.594,3104854.566,271.969000000041,1168.0,750.5,1168.0,771.03,0.5015248513405146,0.5783094780566224,line_007-part_013,line_007
235,T5_Pseudo_Text,1187,b,s7_stimuli_t5.jpg,166,3104922.524,3105038.562,120.03999999957159,1449.98,750.5,1449.98,867.175,0.6592701107871145,0.5347981895841579,,
236,T5_Pseudo_Text,1187,b,s7_stimuli_t5.jpg,166,3105074.583,3105326.524,255.93800000008196,1524.3274999999999,750.5,1524.3274999999999,901.28,0.8733240964922135,0.3813636460233618,,
